Florian Thauvin;left;RM;Ligue1;1;3;4;4;4;4;3;4;4;4;4;4;4;4;4;3;4;2;4;2;1;4;4;3;1;1;1;1;1;3;1;1
Layvin Kurzawa;left;LB;Ligue1;1;3;4;4;4;4;3;4;4;4;4;4;3;3;4;4;4;3;4;4;4;4;4;3;4;4;4;1;1;1;1;3
Anthony Martial;right;ST;Ligue1;1;3;4;3;4;3;4;4;2;2;4;4;4;4;4;3;4;3;3;1;1;4;3;4;1;1;1;1;1;1;2;2
Clinton N'Jie;right;ST;Ligue1;1;2;3;1;4;2;4;3;4;2;3;2;4;4;4;2;4;3;3;3;3;1;4;4;3;1;1;2;1;2;1;1
Marco Verratti;right;MC;Ligue1;1;1;4;1;4;2;4;3;4;4;4;4;3;3;4;4;4;4;3;2;4;4;4;4;4;4;4;4;1;3;2;3
Alexandre Lacazette;right;ST;Ligue1;2;2;4;2;4;4;4;4;4;4;3;4;4;4;4;4;4;3;4;4;4;2;4;4;4;1;1;2;1;1;1;1
Nabil Fekir;left;CAM;Ligue1;1;2;4;1;4;2;4;4;4;4;4;4;4;4;4;4;4;4;4;3;4;1;4;4;4;1;1;2;1;2;1;3
Bernardo Silva;left;RM;Ligue1;1;2;4;4;4;4;3;4;4;4;4;4;3;4;4;4;3;1;3;2;2;4;4;3;2;2;1;1;1;3;2;1
Zlatan Ibrahimovic;right;ST;Ligue1;4;4;4;1;4;4;4;4;4;4;4;4;3;4;4;4;2;4;4;4;4;1;4;4;4;1;2;2;1;3;1;2
Marquinhos;right;CB;Ligue1;1;3;4;1;4;4;4;1;4;1;4;3;3;4;3;4;4;4;4;1;4;4;2;2;1;4;4;4;1;1;2;2
Geoffrey Kondogbia;left;MC;Ligue1;1;4;4;1;3;4;4;2;4;3;4;4;2;3;4;4;3;4;4;3;4;4;4;4;2;4;4;4;1;2;1;1
Fabinho;right;RB;Ligue1;1;4;4;1;4;3;4;1;4;2;4;3;3;4;3;3;4;4;4;2;4;4;4;3;2;4;4;4;1;2;1;1
Lucas;right;RW;Ligue1;1;2;4;4;4;4;4;4;4;4;4;4;4;4;4;4;4;2;4;3;2;4;4;4;2;2;2;1;1;3;1;3
Javier Pastore;right;MC;Ligue1;2;4;4;2;4;3;4;4;4;4;4;4;3;3;4;4;3;4;4;4;3;4;4;4;4;3;3;3;1;2;1;2
Yannick Ferreira Carrasco;right;LW;Ligue1;1;3;4;1;4;2;4;4;4;4;4;4;4;4;4;4;4;3;3;4;2;1;4;4;4;1;1;2;1;2;1;2
Divock Origi;right;ST;Ligue1;1;4;4;1;4;3;4;4;4;2;3;3;4;4;4;4;3;2;4;3;3;1;4;4;3;1;1;2;1;3;2;2
Fares Bahlouli;right;CAM;Ligue1;1;3;2;3;3;3;3;4;3;2;4;4;3;4;2;3;4;4;2;2;2;3;3;3;2;2;2;1;1;2;1;1
Aymen Abdennour;left;CB;Ligue1;2;4;4;4;3;4;1;3;2;4;3;3;3;3;4;3;4;4;3;4;4;2;3;2;4;4;4;1;1;1;1;3
Yassine Benzia;right;ST;Ligue1;1;3;3;4;4;4;3;4;4;3;4;3;3;4;2;3;4;2;4;3;2;4;4;4;1;1;1;1;1;3;2;1
Serge Aurier;right;RB;Ligue1;1;2;4;2;4;4;4;2;4;1;4;3;4;4;4;4;4;4;4;2;4;4;4;4;4;4;4;4;1;2;2;3
Sofiane Boufal;right;CAM;Ligue1;1;1;4;4;4;4;4;4;4;4;4;4;4;4;3;4;4;1;3;2;1;4;4;4;2;2;1;1;1;2;2;1
Michy Batshuayi;right;ST;Ligue1;1;4;4;4;4;3;4;4;2;1;4;4;4;4;4;3;4;3;4;2;1;4;3;4;1;1;1;1;1;3;1;3
Edinson Cavani;right;ST;Ligue1;2;3;4;2;4;4;4;4;4;4;2;4;3;4;4;4;3;4;4;4;4;2;4;4;4;1;2;2;1;1;2;3
Lucas Digne;left;LB;Ligue1;1;3;4;4;2;4;1;4;3;4;4;4;3;3;4;3;4;3;3;4;4;3;4;1;4;4;4;1;1;1;1;3
Jordan Amavi;left;LB;Ligue1;1;2;4;4;3;3;3;4;4;3;4;4;4;4;3;4;4;3;2;3;4;3;3;3;4;4;4;1;1;2;2;2
Corentin Tolisso;right;MC;Ligue1;1;3;4;4;4;4;3;4;4;4;4;3;3;3;4;3;4;3;4;4;4;4;4;4;4;4;4;1;1;3;1;3
Jordan Veretout;right;MC;Ligue1;1;2;4;4;4;4;4;4;4;4;4;3;2;3;4;3;4;3;4;3;4;4;4;4;3;4;3;1;1;2;1;1
Neal Maupay;right;ST;Ligue1;1;1;2;4;4;2;3;4;3;2;3;4;4;4;3;4;3;1;2;1;1;4;3;4;1;2;1;1;1;1;1;3
Claudio Beauvue;right;ST;Ligue1;2;2;4;4;4;4;4;4;3;3;4;4;4;4;4;4;4;2;4;2;2;4;4;4;2;2;1;1;1;1;2;3
Andre Ayew;left;LM;Ligue1;2;2;4;4;4;4;3;4;4;4;4;4;4;4;4;4;4;3;4;4;3;4;4;4;3;3;4;1;1;2;1;3
Dimitri Payet;right;CAM;Ligue1;2;2;4;1;4;2;4;4;4;4;4;4;3;4;4;4;4;3;4;4;3;2;4;4;4;1;2;3;1;3;1;3
Samuel Umtiti;left;CB;Ligue1;1;3;4;4;3;4;4;4;3;4;4;4;3;3;4;3;4;3;3;4;4;3;3;3;4;4;4;1;1;3;2;3
Maxime Gonalons;right;MC;Ligue1;2;4;4;1;3;4;4;3;4;3;4;3;3;3;3;4;3;4;4;3;4;4;3;4;4;4;4;4;1;2;2;1
Blaise Matuidi;left;MC;Ligue1;2;2;4;1;4;4;4;4;4;3;4;4;3;4;4;4;4;4;4;3;4;4;4;4;3;4;4;4;1;2;1;2
Papy Mison Djilobodji;left;CB;Ligue1;2;4;4;2;1;3;1;2;1;4;3;3;3;2;3;1;4;4;3;4;4;2;2;1;4;4;4;1;1;1;1;2
Giannelli Imbula;left;MC;Ligue1;1;4;4;3;3;4;1;4;3;4;4;4;3;3;4;3;4;4;4;4;4;4;4;1;4;4;4;1;1;2;2;1
Anthony Lopes;left;GK;Ligue1;2;3;4;1;1;1;1;1;1;1;1;1;2;3;3;4;3;1;3;1;2;1;1;1;1;1;1;2;4;4;4;4
Marcos Lopes;left;CAM;Ligue1;1;2;4;4;4;4;3;4;3;4;4;4;3;4;3;4;3;2;3;1;1;4;4;3;1;1;1;1;1;2;2;2
Andre-Pierre Gignac;right;ST;Ligue1;3;4;4;4;4;4;4;4;4;4;4;3;3;3;4;3;4;4;4;3;2;4;4;4;1;1;1;1;1;3;2;2
Alexis Blin;right;MC;Ligue1;1;3;2;3;2;3;1;3;3;3;3;2;2;2;2;2;3;2;3;2;3;3;3;2;3;3;3;1;1;1;1;1
Adrien Rabiot;left;MC;Ligue1;1;4;4;4;2;4;2;4;4;4;4;3;2;3;4;2;4;3;4;4;4;3;4;4;3;4;3;1;1;1;1;3
Maxwel Cornet;left;ST;Ligue1;1;3;3;3;4;2;3;4;4;2;4;4;4;4;2;4;3;3;3;2;1;3;2;4;1;1;1;1;1;1;2;1
Paul-Georges Ntep;right;LW;Ligue1;1;3;4;2;4;1;4;3;4;4;3;3;4;4;4;3;4;3;4;2;3;1;4;2;3;1;1;2;1;1;1;1
Wissam Ben Yedder;right;ST;Ligue1;2;1;4;4;4;4;4;4;4;4;4;4;4;4;4;4;4;2;4;2;1;4;4;4;1;1;1;1;1;1;1;1
Thiago Silva;right;CB;Ligue1;3;3;4;1;3;4;4;3;4;4;4;4;3;4;4;4;4;4;4;3;4;4;3;4;4;4;4;4;1;3;1;2
Allan Saint-Maximin;right;LW;Ligue1;1;2;2;3;3;2;3;4;2;3;4;4;4;3;2;3;3;1;2;1;1;3;3;2;1;1;1;1;1;2;1;1
Lacina Traore;left;ST;Ligue1;2;4;4;2;4;3;4;4;2;1;4;3;3;1;4;1;4;4;4;2;2;4;4;4;1;2;1;1;1;2;2;3
Maxime Lopez;right;RM;Ligue1;1;1;1;3;2;2;3;3;3;3;3;4;3;3;2;4;2;1;2;2;1;2;3;3;1;2;1;1;1;3;1;1
Alphonse Areola;right;GK;Ligue1;1;4;4;2;1;1;1;1;1;1;1;2;1;2;4;2;1;2;1;1;1;1;1;1;1;1;1;4;3;4;4;4
Ezequiel Lavezzi;right;LW;Ligue1;3;2;4;2;4;2;4;4;4;4;3;4;4;4;4;4;4;3;4;3;4;1;4;4;4;1;2;2;1;3;1;1
Wallace;right;CB;Ligue1;1;4;4;2;1;2;1;2;1;2;2;2;2;2;3;1;2;4;1;4;4;1;1;2;4;4;4;1;1;2;1;2
Lucas Ocampos;right;RW;Ligue1;1;4;4;4;4;4;3;4;4;4;4;4;4;4;4;2;4;4;4;1;3;3;4;3;2;2;2;1;1;3;2;1
Clement Grenier;right;CAM;Ligue1;2;4;4;4;4;4;4;4;4;4;4;3;2;3;4;3;4;3;4;3;3;3;4;4;3;3;2;1;1;2;1;1
Raphael Guerreiro;left;LM;Ligue1;1;1;4;4;4;4;4;4;3;4;4;4;4;4;3;4;4;2;4;3;4;4;4;1;4;4;4;1;1;1;1;1
Nicolas Nkoulou;right;CB;Ligue1;2;3;4;1;3;4;4;3;3;1;4;3;3;4;3;4;4;3;4;2;4;4;3;4;2;4;4;4;1;1;1;3
Nabil Dirar;right;RM;Ligue1;3;4;4;4;4;4;3;4;4;4;4;4;4;4;3;3;4;4;4;3;2;3;3;2;2;2;1;1;1;1;2;3
Thiago Motta;left;MC;Ligue1;3;4;4;4;3;4;4;4;4;4;4;2;1;2;4;2;4;4;4;4;4;3;4;4;4;4;4;1;1;1;1;3
David Luiz;right;CB;Ligue1;2;4;4;1;4;4;4;4;4;4;4;4;3;4;4;4;3;3;4;3;4;4;3;4;4;4;4;4;1;3;1;1
Joao Moutinho;right;MC;Ligue1;2;1;4;1;4;3;4;4;4;4;4;4;3;3;4;4;4;4;3;4;4;4;4;4;4;4;4;3;1;3;2;3
Idrissa Gueye;right;MC;Ligue1;2;2;4;4;2;4;1;4;1;4;4;3;2;3;4;4;4;3;4;4;4;3;4;3;4;4;4;1;1;1;2;3
Lindsay Rose;right;CB;Ligue1;1;3;4;4;1;3;1;3;2;3;3;3;3;3;3;2;3;3;2;4;4;1;2;1;4;4;4;1;1;2;1;2
Martin Braithwaite;right;ST;Ligue1;2;3;4;4;4;3;4;4;3;3;4;4;4;4;3;4;4;3;4;2;1;4;3;3;2;1;1;1;1;2;1;1
Max-Alain Gradel;right;LW;Ligue1;2;2;4;1;4;3;4;4;4;4;3;4;4;4;4;3;4;3;4;3;4;2;4;4;4;2;2;2;1;2;1;2
Jeremy Toulalan;right;MC;Ligue1;3;3;4;4;1;4;1;4;3;4;4;2;1;2;4;3;4;4;4;4;4;4;4;3;4;4;4;1;1;3;1;1
Benjamin Mendy;left;LB;Ligue1;1;4;4;4;1;4;1;4;1;4;4;4;4;3;3;3;3;3;3;4;4;4;1;2;4;4;4;1;1;1;2;1
Gregory van der Wiel;right;RB;Ligue1;2;3;4;1;4;3;4;3;4;1;4;4;4;4;4;4;4;4;4;3;4;4;4;4;2;4;4;4;1;3;1;1
Yoann Gourcuff;right;CAM;Ligue1;2;4;4;4;4;4;4;4;4;4;4;3;2;4;3;3;4;3;4;3;3;4;4;4;3;3;2;1;1;1;1;3
Romain Alessandrini;left;LM;Ligue1;2;2;4;4;4;4;4;4;4;4;4;4;4;4;4;4;4;2;4;1;1;4;3;4;1;2;1;1;1;1;2;1
Jean-Christophe Bahebeck;right;ST;Ligue1;1;3;3;4;4;3;3;4;4;3;4;4;4;4;3;3;4;3;4;3;2;4;3;4;1;1;1;1;1;3;1;2
Elderson Echiejile;left;LB;Ligue1;2;3;4;4;3;3;2;4;3;3;3;3;3;3;4;3;4;4;4;4;4;4;3;1;4;4;4;1;1;1;2;3
Danijel Subasic;right;GK;Ligue1;3;4;4;2;1;1;1;1;2;1;1;2;1;1;4;1;3;4;1;1;1;1;1;2;1;1;1;4;4;4;4;4
Diego Rolan;right;ST;Ligue1;1;2;4;1;4;3;4;3;4;4;3;3;3;4;4;4;4;3;3;3;3;1;4;4;4;2;1;2;1;1;1;1
Dimitar Berbatov;right;ST;Ligue1;4;4;4;4;4;4;4;4;4;4;4;2;2;3;4;2;4;3;4;2;1;4;4;4;1;1;1;1;1;2;1;3
Jordan Ferri;right;MC;Ligue1;1;2;4;4;3;4;3;4;4;4;4;3;2;3;4;4;4;2;4;4;4;3;4;2;4;4;4;1;1;2;2;3
Francois Kamano;right;RM;Ligue1;1;3;3;4;4;3;3;4;3;3;4;4;4;4;1;4;4;2;3;2;1;4;3;3;1;1;1;1;1;2;2;2
Jordan Ayew;right;ST;Ligue1;1;3;4;4;4;4;4;4;4;3;4;4;3;4;4;3;4;3;4;4;1;3;4;4;1;1;1;1;1;1;2;1
Valentin Eysseric;right;CAM;Ligue1;1;3;4;4;4;4;4;4;4;4;4;3;3;3;4;3;4;2;4;2;2;4;4;4;1;1;1;1;1;2;1;1
Mario Lemina;right;MC;Ligue1;1;3;4;4;2;4;2;4;3;4;4;4;3;3;4;2;3;3;3;4;4;3;4;3;4;4;4;1;1;3;1;3
Gueida Fofana;right;MC;Ligue1;2;3;4;4;3;4;3;4;3;4;4;3;3;3;4;3;4;4;4;4;4;3;4;3;4;4;4;1;1;3;2;2
Yohan Cabaye;right;MC;Ligue1;3;2;4;1;4;3;4;4;4;4;4;4;2;3;4;4;4;4;4;4;4;4;4;4;4;4;4;3;1;1;2;1
Sebastien Corchia;right;RB;Ligue1;2;2;4;4;3;4;3;4;4;4;4;4;3;3;4;4;4;2;4;4;4;4;4;4;4;4;4;1;1;1;1;3
Morgan Sanson;right;MC;Ligue1;1;3;4;4;4;4;3;4;3;4;4;3;3;3;4;3;4;3;4;4;4;4;4;2;4;4;3;1;1;3;1;1
Almamy Toure;right;RB;Ligue1;1;3;3;4;1;3;1;3;3;2;3;3;3;3;3;3;2;3;1;2;3;3;2;2;4;4;3;1;1;1;1;2
Florentin Pogba;left;CB;Ligue1;2;4;4;4;1;3;2;2;3;3;2;2;2;2;3;2;4;4;4;4;4;1;2;1;4;4;4;1;1;1;1;2
Gregoire Puel;right;RB;Ligue1;1;3;2;4;2;3;1;3;3;2;3;4;2;3;3;3;2;2;1;3;3;2;2;2;3;4;3;1;1;1;2;1
Salvatore Sirigu;right;GK;Ligue1;2;4;4;1;1;1;1;1;1;1;1;1;1;2;2;4;3;1;4;1;2;1;1;1;1;1;1;2;4;4;4;4
Vincent Enyeama;right;GK;Ligue1;3;3;4;2;1;1;1;1;1;1;1;2;1;2;4;2;1;3;1;3;1;1;1;4;1;1;1;4;4;4;4;4
Djibril Dianessy;left;ST;Ligue1;1;3;1;2;4;2;3;4;3;2;2;4;3;2;2;3;3;1;3;1;1;2;3;3;1;1;1;1;1;3;1;1
Andrea Raggi;right;CB;Ligue1;3;4;4;4;2;4;2;3;2;4;4;2;2;3;3;2;4;4;3;4;4;2;3;3;4;4;4;1;1;3;1;3
Jeff Reine-Adelaide;right;CAM;Ligue1;1;3;1;3;2;3;2;3;2;3;2;2;2;2;2;2;3;2;2;3;2;3;2;2;2;2;2;1;1;2;2;1
Adama Traore;right;MC;Ligue1;1;3;2;3;2;4;2;4;1;4;4;3;3;2;3;3;3;3;2;3;3;3;3;2;3;3;2;1;1;1;1;3
Stephane Ruffier;right;GK;Ligue1;2;4;4;2;1;1;1;1;1;1;1;2;1;2;4;2;1;3;1;1;1;1;1;1;1;1;1;4;4;4;4;4
Steve Mandanda;right;GK;Ligue1;3;4;4;1;1;1;1;1;1;1;1;1;1;1;2;4;1;1;3;1;2;1;1;1;1;1;1;2;4;4;4;4
N'Golo Kante;right;MC;Ligue1;2;1;4;4;3;4;3;4;2;4;4;4;3;3;4;4;4;2;3;2;4;3;4;2;4;4;3;1;1;2;1;2
Ermir Lenjani;left;LB;Ligue1;2;2;1;4;3;3;2;3;3;3;3;3;3;3;2;2;4;2;2;3;3;3;3;3;3;3;2;1;1;2;2;3
Daniel Wass;right;RM;Ligue1;2;3;4;4;4;4;4;4;4;4;4;4;3;3;4;3;4;3;4;3;4;4;4;3;4;4;4;1;1;2;2;3
Georges-Kevin Nkoudou;right;LM;Ligue1;1;2;3;4;3;2;4;4;4;3;4;4;4;4;2;4;4;1;4;1;1;3;3;4;2;2;2;1;1;1;1;3
Tiemoue Bakayoko;right;MC;Ligue1;1;3;3;3;2;4;1;3;2;4;4;3;3;3;3;2;3;3;2;4;4;3;4;2;4;4;4;1;1;2;2;2
Wahbi Khazri;right;CAM;Ligue1;2;3;4;4;4;4;3;4;4;3;4;4;3;4;4;3;4;3;4;3;2;4;4;4;1;1;1;1;1;2;1;1
Loic Perrin;right;CB;Ligue1;3;3;4;4;3;4;2;3;3;4;4;3;3;2;4;3;4;3;4;4;4;3;3;4;4;4;4;1;1;3;2;3
Alain Traore;left;MC;Ligue1;2;2;4;4;4;4;4;4;4;4;4;4;3;3;4;4;4;1;4;2;3;4;4;4;4;3;2;1;1;3;2;2
Ricardo Carvalho;right;CB;Ligue1;4;3;4;1;2;4;4;2;2;1;3;3;1;2;2;3;3;1;4;1;4;4;2;2;2;4;4;3;1;3;1;2
Maxwell;left;LB;Ligue1;4;2;4;4;4;4;4;4;4;4;4;3;3;4;4;3;4;3;4;4;4;4;4;3;4;4;4;1;1;3;2;1
Anders Konradsen;right;MC;Ligue1;2;3;4;2;4;3;4;3;4;3;4;3;2;3;4;3;4;4;4;4;4;3;4;4;3;4;4;3;1;1;1;3
Jean-Kevin Augustin;right;ST;Ligue1;1;2;2;2;4;2;3;3;2;2;3;3;3;2;2;3;3;2;3;1;1;3;3;4;1;1;1;1;1;1;2;1
Serge Gakpe;right;RM;Ligue1;2;2;4;4;4;4;3;4;3;3;4;4;4;4;3;4;4;2;4;1;1;4;4;4;1;1;1;1;1;2;2;1
Thomas Lemar;left;RM;Ligue1;1;1;2;4;3;3;2;4;2;3;3;3;3;3;3;4;3;1;3;3;3;3;3;2;3;3;3;1;1;3;1;3
Aissa Mandi;right;RB;Ligue1;1;3;4;4;2;4;1;3;4;4;4;3;3;3;4;3;2;3;2;4;4;3;4;1;4;4;4;1;1;1;1;3
Nolan Roux;right;ST;Ligue1;2;3;4;4;4;4;4;4;4;3;4;3;3;3;4;3;4;3;4;2;2;4;4;4;1;2;1;1;1;1;1;2
Mike Maignan;right;GK;Ligue1;1;4;1;2;1;1;1;1;1;1;1;1;1;1;2;2;1;3;1;1;1;1;1;1;1;1;1;3;2;4;3;4
Franck Tabanou;left;LB;Ligue1;2;3;4;4;3;4;4;4;4;4;4;4;3;4;4;3;4;3;4;3;4;4;4;4;4;4;4;1;1;3;1;1
Ola Toivonen;right;ST;Ligue1;2;4;4;2;4;4;4;4;4;4;4;4;2;3;3;4;3;4;4;4;3;2;4;4;4;2;2;2;1;1;2;2
Rio Antonio Mavuba;right;MC;Ligue1;3;2;4;4;2;4;2;4;3;4;4;3;2;3;4;4;4;3;3;4;4;3;4;3;4;4;4;1;1;1;2;1
Ryad Boudebouz;left;CAM;Ligue1;2;2;4;4;4;4;4;4;4;4;4;4;3;4;3;3;4;1;4;2;1;4;4;4;1;2;1;1;1;3;1;3
Rachid Ghezzal;left;CAM;Ligue1;1;3;3;4;3;4;3;4;4;4;4;4;3;4;2;4;4;2;3;3;2;3;4;3;2;2;2;1;1;3;1;3
Simon Kjær;right;CB;Ligue1;2;4;4;1;2;4;4;2;2;4;4;3;2;3;1;4;3;3;4;2;4;4;1;2;2;4;4;4;1;2;2;2
Vincent Pajot;right;MC;Ligue1;2;2;4;3;2;4;1;3;3;4;4;3;1;3;4;3;3;2;3;4;4;3;4;3;4;4;4;1;1;3;2;2
Zana Allee;right;LM;Ligue1;1;1;2;4;3;3;4;4;3;3;3;4;3;4;3;4;3;1;3;3;2;3;4;2;2;1;1;1;1;3;1;2
Ilori;right;CB;Ligue1;1;4;4;2;2;2;1;2;1;3;3;3;2;2;4;2;2;3;1;3;4;1;2;2;4;4;4;1;1;1;1;3
Abdoulay Diaby;right;ST;Ligue1;2;2;3;4;4;3;3;4;3;3;3;4;4;4;3;4;3;2;3;2;2;4;4;3;2;2;2;1;1;1;1;1
Cheick Diabate;right;ST;Ligue1;2;4;4;3;4;4;4;4;3;3;4;2;2;1;4;2;4;4;4;4;1;4;3;4;1;1;1;1;1;1;1;1
Brice Dja Djedje;right;RB;Ligue1;2;1;4;4;3;4;1;4;3;4;4;4;4;4;3;4;4;3;2;4;4;3;4;3;4;4;4;1;1;3;2;1
Floyd Ayite;right;LW;Ligue1;2;2;4;4;4;3;3;4;4;2;4;4;4;4;3;3;4;2;3;2;1;4;4;3;1;1;1;1;1;2;2;1
Abdou-Aziz Thiam;right;MC;Ligue1;1;3;2;3;2;3;2;3;3;3;3;3;2;2;2;3;3;2;2;3;3;2;3;2;4;4;3;1;1;1;2;1
Henri Saivet;right;ST;Ligue1;2;2;4;4;4;4;4;4;3;4;4;4;3;4;4;4;4;3;4;2;2;4;4;3;1;2;1;1;1;3;2;2
Zakarie Labidi;left;ST;Ligue1;1;3;2;4;3;3;3;4;3;3;4;4;3;4;2;4;3;2;3;2;2;3;3;3;2;2;2;1;1;3;2;1
Giovanni Sio;left;ST;Ligue1;2;3;4;1;4;3;4;4;4;4;3;4;4;4;4;3;4;4;4;4;2;1;4;4;4;1;1;2;1;1;1;3
Mehdi Zeffane;right;RB;Ligue1;1;2;3;4;2;3;2;3;3;3;3;4;4;4;2;4;4;2;4;3;3;2;3;3;3;3;3;1;1;1;2;2
Gregory Sertic;right;MC;Ligue1;2;3;4;4;4;4;3;4;4;4;4;3;3;3;4;3;4;3;4;4;4;4;4;4;4;4;4;1;1;1;1;1
Steed Malbranque;right;MC;Ligue1;4;1;3;4;3;4;3;4;4;4;4;1;1;4;3;4;3;2;3;4;3;3;4;3;3;3;2;1;1;1;2;2
Olivier Veigneau;left;LB;Ligue1;3;2;3;4;1;4;2;4;3;4;4;3;3;3;3;4;3;2;3;3;4;2;3;2;4;4;4;1;1;1;1;1
Michael Frey;right;ST;Ligue1;1;4;3;1;2;3;3;2;3;1;3;3;2;3;3;2;4;2;4;2;1;1;4;3;3;1;1;2;1;3;1;3
Ricky van Wolfswinkel;right;ST;Ligue1;2;4;4;3;4;3;4;4;4;2;4;3;2;3;4;3;4;3;4;2;2;4;4;4;1;2;1;1;1;3;1;2
Mouez Hassen;right;GK;Ligue1;1;3;3;2;1;1;1;1;1;1;1;1;1;1;3;2;1;1;1;1;1;1;1;1;1;1;1;4;3;4;4;4
Christophe Jallet;right;RB;Ligue1;3;3;4;1;4;4;4;4;4;4;4;4;3;3;4;4;4;4;4;3;4;4;4;4;4;4;4;4;1;1;1;1
Mohamed Yattara;right;ST;Ligue1;1;4;3;3;4;3;3;4;3;2;4;4;4;3;3;3;4;3;3;2;1;4;3;4;1;1;1;1;1;2;1;1
Valentin Lavigne;right;RM;Ligue1;1;1;3;4;4;3;3;4;3;3;4;4;3;3;1;4;4;2;4;2;2;3;3;3;2;1;1;1;1;1;2;3
Valere Germain;right;ST;Ligue1;2;3;4;4;4;4;4;4;4;3;4;4;3;4;4;3;4;2;4;2;2;4;4;4;1;1;1;1;1;2;1;3
Hervin Ongenda;right;LW;Ligue1;1;1;3;3;3;3;3;4;2;3;4;4;3;4;3;4;3;2;2;2;2;3;4;2;2;2;1;1;1;1;2;1
Djibril Sidibe;right;RB;Ligue1;1;3;3;4;2;4;1;4;3;4;4;3;3;3;4;2;3;3;2;4;4;4;3;2;4;4;4;1;1;1;2;1
Romain Hamouma;right;RW;Ligue1;2;2;4;4;4;4;4;4;4;4;4;4;4;4;4;3;4;2;4;2;2;4;4;4;2;2;2;1;1;3;1;3
Bouna Sarr;right;RM;Ligue1;1;2;3;4;3;4;2;4;3;4;4;3;3;3;2;4;4;2;4;2;1;4;3;3;1;2;1;1;1;3;1;2
Abdelaziz Barrada;right;CAM;Ligue1;2;3;4;4;4;3;3;4;4;4;4;4;4;4;4;3;4;3;4;3;2;4;4;4;2;2;1;1;1;1;2;1
Alaixys Romao;right;MC;Ligue1;3;3;4;4;2;4;3;3;1;4;4;3;1;3;4;3;4;4;4;4;4;3;4;3;3;4;4;1;1;1;2;1
Lucas Barrios;right;ST;Ligue1;3;4;4;3;4;4;4;4;4;3;4;3;3;3;4;2;4;3;4;3;2;4;4;4;2;2;2;1;1;3;1;2
Henri Bedimo;left;LB;Ligue1;3;3;4;1;4;3;4;3;4;3;3;3;4;4;3;4;4;4;4;3;4;4;4;4;3;4;4;4;1;3;2;2
Alassane Plea;right;ST;Ligue1;1;3;3;4;4;3;3;4;3;2;4;4;4;3;2;3;4;3;4;2;1;4;3;3;2;2;1;1;1;3;2;3
Thomas Toure;right;LW;Ligue1;1;2;3;4;3;3;4;4;4;3;4;4;4;4;3;3;4;2;4;3;2;4;4;3;2;2;1;1;1;1;2;1
Yohan Mollo;right;LW;Ligue1;2;2;4;4;3;4;3;4;4;3;4;4;4;4;4;4;4;3;4;2;2;4;4;3;1;1;1;1;1;1;1;3
Nampalys Mendy;right;MC;Ligue1;1;1;3;4;2;4;2;3;3;4;4;3;2;4;4;4;3;3;2;4;4;1;4;3;4;4;4;1;1;1;2;3
Alexy Bosetti;right;RW;Ligue1;1;1;3;4;4;3;3;4;3;3;4;4;4;3;4;4;3;2;3;2;1;4;3;3;1;1;1;1;1;2;2;1
Florent Malouda;left;LM;Ligue1;4;3;4;4;4;4;4;4;4;4;4;3;2;3;3;3;4;3;4;3;2;4;4;4;1;1;1;1;1;1;2;1
Remy Riou;right;GK;Ligue1;2;4;4;2;1;1;1;1;1;1;1;2;2;1;4;2;1;4;1;1;1;1;1;1;1;1;1;4;4;4;4;4
Kamil Grosicki;right;RW;Ligue1;2;2;4;1;4;3;4;3;4;3;4;3;4;4;4;3;4;3;3;3;2;2;4;4;4;1;1;2;1;2;2;3
Mevlut Erdinc;right;ST;Ligue1;2;3;4;4;4;4;4;4;4;3;4;4;3;3;4;3;4;3;4;3;2;4;4;4;1;2;2;1;1;3;1;1
Jose Saez;right;MC;Ligue1;4;1;3;4;2;4;3;3;3;4;4;2;1;3;4;4;4;2;4;4;4;3;4;3;3;4;3;1;1;3;1;3
Alexander N'Doumbou;right;LW;Ligue1;1;2;1;4;2;2;2;4;3;3;3;3;2;2;2;3;1;1;3;1;2;2;3;3;1;2;1;1;1;1;2;3
Bakary Kone;right;CB;Ligue1;2;4;4;2;1;3;1;2;2;3;2;3;3;2;3;2;3;3;1;4;4;2;2;2;4;4;4;1;1;2;1;1
Jeremy Morel;left;CB;Ligue1;3;2;4;4;3;3;3;3;4;4;4;3;3;3;4;4;4;2;4;4;4;4;3;4;4;4;4;1;1;2;1;2
Abdoul Ba;right;CB;Ligue1;1;4;2;2;1;2;1;1;1;1;2;2;3;1;2;1;2;4;1;2;3;1;1;2;3;4;3;1;1;3;2;3
Mouhamadou Dabo;right;LB;Ligue1;2;2;3;4;2;3;2;3;3;3;4;4;3;4;3;4;3;2;3;4;4;3;3;2;4;4;4;1;1;1;1;2
Matheus Carvalho;left;LW;Ligue1;1;2;3;4;4;3;3;4;3;3;4;3;3;3;3;3;4;2;3;1;1;3;3;3;1;1;1;1;1;3;2;3
Soualiho Meite;right;MC;Ligue1;1;4;3;3;2;4;1;3;2;4;4;3;2;3;3;2;4;4;4;3;3;3;4;2;3;3;3;1;1;1;2;2
Benjamin Moukandjo;right;RM;Ligue1;2;3;4;1;4;3;4;4;4;4;3;3;4;4;4;4;4;3;3;3;2;1;4;3;4;1;1;2;1;3;1;2
Younousse Sankhare;left;MC;Ligue1;2;4;4;4;3;4;4;4;3;4;4;3;2;3;4;2;3;4;2;4;4;2;4;3;4;4;4;1;1;2;2;1
Baptiste Aloe;right;CB;Ligue1;1;3;2;2;1;2;1;1;1;2;3;3;2;2;2;2;2;3;1;3;3;1;1;2;3;4;3;1;1;2;2;1
Romaric N'Gouma;right;CB;Ligue1;1;4;2;3;1;2;1;2;2;2;2;3;3;2;2;2;3;3;1;3;3;1;1;2;3;3;3;1;1;2;2;2
Yann Jouffre;left;RM;Ligue1;3;2;4;4;3;4;3;4;4;4;4;3;3;3;4;4;3;1;4;3;3;4;4;4;2;3;2;1;1;1;2;2
Wylan Cyprien;right;MC;Ligue1;1;3;3;3;3;4;2;4;3;3;4;4;4;3;3;2;3;2;3;2;3;3;4;2;3;3;2;1;1;1;1;3
Anthony Mounier;left;LW;Ligue1;2;2;4;4;4;4;3;4;4;4;4;4;4;4;4;4;4;2;4;3;2;4;4;4;2;1;1;1;1;1;1;3
Lamine Sane;right;CB;Ligue1;2;4;4;3;1;4;1;4;2;4;4;3;3;2;4;2;4;4;3;4;4;2;3;1;4;4;4;1;1;2;1;1
Carlos Eduardo;right;CAM;Ligue1;2;3;4;4;4;4;4;4;4;4;4;3;2;3;4;3;4;3;4;3;3;4;4;4;2;3;2;1;1;2;1;2
Ali Ahamada;right;GK;Ligue1;1;4;4;2;1;1;1;1;1;1;1;1;1;1;4;1;1;3;1;1;1;1;1;1;1;1;1;4;3;4;4;4
Mariano;right;RB;Ligue1;3;2;4;4;3;4;3;4;4;4;4;4;4;3;4;3;4;3;4;3;4;4;4;3;4;4;4;1;1;2;1;3
Bryan Constant;right;ST;Ligue1;1;3;1;2;3;2;2;3;2;1;2;4;4;2;2;3;3;2;3;1;1;2;2;3;1;1;1;1;1;3;1;2
Maarten Stekelenburg;right;GK;Ligue1;3;4;4;2;1;1;1;1;1;2;1;1;1;1;4;1;1;3;1;1;1;1;1;1;1;1;1;4;3;4;4;4
Junior Tallo;right;ST;Ligue1;1;4;3;1;3;3;4;3;4;3;2;3;2;3;3;3;3;3;4;3;3;1;4;3;4;1;1;2;1;3;2;2
Antoine Devaux;right;MC;Ligue1;3;4;4;4;3;4;3;4;3;4;4;2;2;3;3;2;4;3;3;3;4;3;4;4;3;4;3;1;1;2;2;3
Youssouf Sabaly;right;LB;Ligue1;1;2;3;4;1;3;1;4;3;3;3;4;3;3;3;4;2;3;1;3;4;3;2;2;4;4;3;1;1;1;2;2
Milan Bisevac;right;CB;Ligue1;3;4;4;3;2;4;2;2;2;4;4;2;2;2;3;2;4;4;3;4;4;2;3;3;4;4;4;1;1;3;2;3
Marko Basa;right;CB;Ligue1;3;4;4;2;3;4;2;3;2;4;3;2;2;1;4;1;3;4;2;4;4;2;3;3;4;4;4;1;1;3;2;1
Roli Pereira de Sa;left;MC;Ligue1;1;2;2;4;3;3;3;4;2;3;3;4;4;3;2;3;3;1;2;3;3;4;3;3;2;3;2;1;1;3;1;3
Tongo Doumbia;right;MC;Ligue1;2;4;4;4;4;4;2;4;3;4;4;4;3;3;4;3;4;4;3;4;4;4;4;2;4;4;4;1;1;2;1;3
Philipp Hosiner;right;ST;Ligue1;2;3;4;3;4;3;3;4;4;3;4;4;4;4;4;3;4;2;3;1;1;4;3;4;1;1;1;1;1;3;2;2
Sidy Kone;right;MC;Ligue1;1;4;1;3;1;3;2;3;2;3;3;3;2;3;2;2;2;3;3;4;3;1;2;2;3;3;3;1;1;3;2;1
Isaac Kiese Thelin;right;ST;Ligue1;1;4;3;1;2;3;3;3;3;1;2;3;2;3;4;3;2;3;4;2;4;1;4;4;3;1;1;2;1;3;1;2
Rod Fanni;right;CB;Ligue1;4;4;4;4;2;4;1;4;3;4;4;4;4;3;4;3;4;3;3;4;4;3;3;3;4;4;4;1;1;1;2;3
Adrien Regattin;right;MC;Ligue1;1;1;3;4;4;4;4;4;4;4;4;4;4;4;3;4;4;3;4;4;3;4;4;4;3;3;2;1;1;1;2;3
Marvin Martin;right;MC;Ligue1;2;1;4;4;4;4;3;4;4;4;4;3;2;4;4;4;4;2;4;3;4;4;4;3;2;3;1;1;1;3;2;3
Diego Contento;left;LB;Ligue1;2;2;4;4;1;4;2;4;3;4;4;4;3;3;4;3;4;2;3;3;4;3;3;2;4;4;4;1;1;1;2;2
Abel Aguilar;right;MC;Ligue1;3;4;4;3;3;4;2;3;3;4;4;2;1;2;4;2;4;3;3;4;4;4;4;3;4;4;3;1;1;3;1;2
Nicolas Benezet;right;LM;Ligue1;2;2;3;4;4;3;2;4;3;3;4;4;4;4;2;4;3;1;3;1;1;3;3;3;1;1;1;1;1;2;2;3
Billel Omrani;left;ST;Ligue1;1;4;2;4;4;3;3;3;2;2;3;2;2;2;2;2;3;3;3;1;2;3;3;3;1;1;1;1;1;3;1;1
Mexer;right;CB;Ligue1;2;4;4;3;2;3;2;3;3;3;3;3;2;3;4;3;2;3;3;4;4;2;3;1;4;4;4;1;1;1;1;2
Benjamin Lecomte;right;GK;Ligue1;2;4;4;2;1;1;1;1;1;1;1;1;1;1;3;1;1;1;1;1;1;1;1;1;1;1;1;4;3;4;4;4
Moustapha Sall;right;CB;Ligue1;3;4;4;3;3;3;3;2;3;3;3;2;1;1;3;1;3;4;3;4;4;2;3;2;4;4;4;1;1;3;2;2
Christophe Mandanne;right;ST;Ligue1;3;1;4;4;4;4;4;4;4;4;4;4;4;4;4;4;4;1;4;3;2;4;4;4;1;3;1;1;1;3;2;3
Benoit Costil;right;GK;Ligue1;2;4;4;2;1;1;1;1;1;1;1;2;1;1;3;1;1;2;1;1;1;1;1;1;1;1;1;4;4;4;4;4
Gianni Bruno;right;ST;Ligue1;1;3;3;3;4;3;3;4;3;2;4;3;2;3;3;3;3;2;3;2;1;4;3;3;1;1;1;1;1;3;2;1
Sadio Diallo;right;ST;Ligue1;2;3;3;4;4;4;4;4;3;4;4;4;3;3;4;2;4;3;4;2;2;3;4;4;2;2;1;1;1;3;1;3
Kevin Theophile-Catherine;right;RB;Ligue1;2;3;4;4;2;4;1;4;3;4;4;3;3;2;4;3;2;3;2;4;4;1;4;2;4;4;4;1;1;1;1;2
Fallou Diagne;right;CB;Ligue1;2;4;4;3;1;3;2;4;2;4;4;3;3;3;4;3;3;3;2;3;4;1;3;2;4;4;4;1;1;1;2;2
Alejandro Bedoya;right;CAM;Ligue1;2;3;4;1;3;4;4;3;4;3;4;4;2;3;4;3;4;4;3;4;4;3;4;4;2;2;3;3;1;3;1;2
Fabien Lemoine;right;MC;Ligue1;2;2;4;4;3;4;3;4;3;4;4;3;2;3;4;4;4;3;4;4;4;3;4;3;4;4;4;1;1;2;2;2
Sylvain Marveaux;left;CAM;Ligue1;3;2;4;4;4;4;4;4;4;4;4;4;2;4;4;4;4;2;4;3;2;3;4;4;3;3;2;1;1;1;2;2
Papa Moussa M'Bow;right;CB;Ligue1;1;4;1;2;1;1;1;1;1;1;1;2;2;2;1;1;2;4;1;2;3;1;1;1;3;3;3;1;1;2;2;1
Bill Tuiloma;right;CB;Ligue1;1;3;1;1;3;2;3;1;3;1;2;2;2;3;2;2;3;3;4;1;3;3;2;2;2;3;3;3;1;2;2;1
Lucas Deaux;right;MC;Ligue1;2;4;4;3;2;4;1;4;3;4;4;2;2;3;3;2;3;4;2;4;4;3;4;2;3;4;4;1;1;1;2;1
Etienne Didot;right;MC;Ligue1;3;2;4;4;3;4;3;4;4;4;4;3;1;3;4;4;4;2;4;4;4;4;4;3;4;4;4;1;1;2;2;3
Sanjin Prcic;right;CAM;Ligue1;1;3;3;4;3;4;2;4;3;4;4;3;2;3;3;3;3;2;3;1;2;3;4;3;3;3;3;1;1;1;2;2
Jonathan Bamba;right;RW;Ligue1;1;2;2;3;3;2;3;4;2;2;4;4;3;3;2;4;3;1;3;3;1;3;2;2;2;2;1;1;1;3;1;1
Jean-Armel Kana-Biyik;right;CB;Ligue1;2;3;4;2;1;3;1;2;1;3;3;3;3;2;4;2;2;4;2;4;4;1;2;2;4;4;4;1;1;3;2;1
Nicolas De Preville;right;ST;Ligue1;2;3;3;4;4;3;4;4;2;2;4;4;4;4;3;3;4;2;4;3;2;4;3;4;1;1;2;1;1;3;1;1
Loick Landre;right;CB;Ligue1;1;3;3;2;1;3;1;2;1;3;3;2;3;2;3;3;3;3;1;4;4;2;2;2;4;4;3;1;1;2;2;2
Ismael Diomande;right;MC;Ligue1;1;3;3;1;2;3;4;1;3;2;3;3;3;3;4;2;4;4;4;3;4;4;1;2;2;4;3;3;1;1;1;3
David N'Gog;right;ST;Ligue1;2;4;3;4;4;3;4;4;3;3;4;3;3;2;3;2;3;3;3;2;2;4;4;3;1;1;1;1;1;2;1;3
Didier Digard;right;MC;Ligue1;2;3;4;3;3;4;1;4;3;4;4;3;2;3;4;3;4;3;4;4;4;2;4;4;4;4;4;1;1;1;2;2
Uros Spajic;right;CB;Ligue1;1;4;4;3;1;3;1;3;2;3;4;3;3;2;3;3;3;3;1;4;4;2;2;2;4;4;4;1;1;1;2;3
Aadil Assana;right;MC;Ligue1;1;2;1;3;1;3;1;2;2;3;3;3;2;3;3;4;2;2;2;3;3;2;3;2;2;3;3;1;1;3;2;1
Arnold Mvuemba;right;MC;Ligue1;3;2;4;4;3;4;3;4;4;4;4;3;3;3;4;3;4;3;4;3;4;3;4;3;4;4;4;1;1;1;2;1
Clement Chantome;right;MC;Ligue1;2;3;4;4;3;4;3;4;4;4;4;3;2;3;4;3;4;3;3;4;4;4;4;3;4;4;4;1;1;3;2;2
Oscar Trejo;right;MC;Ligue1;2;3;4;4;4;4;4;4;4;4;4;4;4;4;3;3;4;2;4;2;3;4;4;4;3;2;1;1;1;1;2;2
Jaroslav Plasil;right;MC;Ligue1;4;3;4;1;4;3;4;3;4;4;4;4;1;2;3;3;4;2;3;3;3;3;4;4;4;3;3;3;1;1;1;1
Franck Honorat;right;ST;Ligue1;1;3;1;3;3;2;2;3;2;2;2;3;3;2;2;3;3;1;3;1;1;3;2;4;1;1;1;1;1;1;2;3
Lenny Nangis;right;LW;Ligue1;1;2;3;4;3;3;3;4;2;3;4;4;4;4;3;4;3;2;3;1;1;3;3;3;1;1;1;1;1;2;1;3
Ryan Mendes;right;LW;Ligue1;2;2;4;4;4;3;3;4;4;3;3;4;4;4;4;4;3;2;3;2;1;4;4;3;1;1;1;1;1;2;1;1
Cedric Carrasso;right;GK;Ligue1;4;4;4;2;1;1;1;1;1;1;1;1;1;1;4;1;1;3;1;2;1;1;1;1;1;1;1;4;4;4;4;4
Dimitri Cavare;right;RB;Ligue1;1;4;3;4;1;3;1;3;1;3;3;3;3;2;2;1;3;4;2;3;4;2;2;1;3;4;3;1;1;1;1;1
Jean-Daniel Akpa Akpro;right;RM;Ligue1;1;3;3;1;4;2;4;3;4;2;3;3;4;4;3;3;4;3;3;2;4;4;4;3;3;4;3;3;1;2;1;1
Abdelhamid El Kaoutari;left;CB;Ligue1;2;3;4;4;1;3;1;2;1;3;3;3;2;2;3;2;3;3;2;4;4;2;3;1;4;4;4;1;1;2;1;1
Christian Bruls;right;LM;Ligue1;2;3;4;4;3;4;3;4;4;4;4;4;4;4;3;3;4;2;4;2;2;4;4;3;1;2;1;1;1;3;1;1
Romain Metanire;right;RB;Ligue1;2;3;4;4;1;4;1;3;2;3;4;4;4;3;3;4;2;2;1;4;4;2;3;2;4;4;4;1;1;3;1;3
Gilles Sunu;left;RM;Ligue1;2;3;4;4;4;4;3;4;3;3;4;4;4;3;4;3;4;3;3;3;2;4;4;4;1;1;1;1;1;1;1;1
Mathieu Gorgelin;left;GK;Ligue1;2;4;2;2;1;1;1;1;1;1;1;2;1;1;2;1;1;3;1;1;1;1;1;1;1;1;1;3;2;4;3;4
Cedric Mongongu;right;CB;Ligue1;2;4;3;4;1;3;1;2;1;4;3;2;2;3;4;2;4;4;1;4;3;2;3;4;4;4;4;1;1;1;1;2
Issa Cissokho;right;RB;Ligue1;3;2;4;4;2;3;2;4;4;4;4;4;4;3;2;4;4;3;4;3;4;4;3;3;4;4;4;1;1;2;1;2
Jesper Hansen;right;GK;Ligue1;3;4;3;2;1;1;1;1;1;2;1;1;1;1;3;3;1;2;1;1;1;1;1;1;1;1;1;3;2;4;4;4
Bryan Dabo;right;RB;Ligue1;1;4;3;4;3;4;3;4;3;4;3;4;3;3;3;2;4;3;3;4;4;3;3;3;4;4;3;1;1;2;1;2
Alef;right;MC;Ligue1;1;4;2;3;2;3;1;3;2;3;3;3;1;2;2;2;3;3;1;3;3;2;2;2;3;4;3;1;1;1;1;2
Brandao;left;ST;Ligue1;4;4;4;4;4;4;4;3;3;3;4;2;1;1;4;1;4;3;4;4;2;4;4;4;2;2;2;1;1;2;1;1
Chris Mavinga;left;LB;Ligue1;2;3;3;4;2;4;1;4;2;4;4;4;4;3;3;2;3;3;1;3;3;2;3;1;4;4;4;1;1;1;2;3
Gael Andonian;left;CB;Ligue1;1;4;1;3;1;2;1;1;1;2;1;2;2;1;2;1;2;3;1;2;3;2;2;2;3;4;3;1;1;1;1;1
Nicolas Douchez;right;GK;Ligue1;4;4;4;2;1;1;1;1;1;2;1;1;1;1;4;1;1;2;1;2;1;1;1;1;1;1;1;4;4;4;4;4
Dimitry Bertaud;right;GK;Ligue1;1;3;1;2;1;1;1;1;1;1;1;1;1;1;2;2;1;2;1;1;1;1;1;1;1;1;1;3;2;4;3;4
Dylan Gissi;right;RB;Ligue1;2;4;1;3;1;2;2;2;2;2;2;2;1;2;2;2;4;3;2;4;2;2;2;1;3;3;3;1;1;2;2;2
Eric Bautheac;left;LM;Ligue1;2;1;4;4;4;4;3;4;4;3;4;4;4;4;4;4;4;1;3;2;2;4;4;4;2;2;1;1;1;3;1;3
Cheikh M'Bengue;left;LB;Ligue1;2;3;4;4;2;4;1;4;4;4;4;4;3;3;4;3;3;3;1;4;4;2;3;1;4;4;4;1;1;3;2;1
Romuald Lacazette;right;MC;Ligue1;1;2;1;3;2;3;2;3;2;3;2;3;3;2;2;3;3;3;1;3;3;2;3;2;3;3;3;1;1;1;1;3
Abdoulaye Doucoure;right;MC;Ligue1;1;3;3;3;4;4;3;4;1;4;4;3;2;2;3;3;4;3;4;3;4;3;4;2;3;4;3;1;1;2;2;3
Yeni Ngbakoto;right;RW;Ligue1;1;2;2;4;3;3;2;4;1;3;3;3;3;3;3;3;3;2;3;2;1;3;3;3;1;1;1;1;1;3;2;2
Fabien Camus;right;CAM;Ligue1;3;2;4;4;4;4;4;4;4;4;4;3;2;3;3;3;4;2;4;2;3;4;4;4;2;3;2;1;1;1;1;3
Julien Fabri;right;GK;Ligue1;1;3;1;2;1;1;1;1;1;1;1;1;1;1;2;2;1;2;1;1;1;1;1;1;1;1;1;3;2;4;3;4
Oswaldo Vizcarrondo;right;CB;Ligue1;3;4;4;3;3;3;1;1;2;3;2;1;1;1;4;1;3;4;1;4;4;1;1;3;4;4;4;1;1;2;2;1
Jonas Martin;right;MC;Ligue1;2;3;3;4;4;4;3;4;3;4;4;3;3;3;3;2;4;3;4;3;3;4;4;4;4;4;3;1;1;3;2;2
Sambou Yatabare;left;MC;Ligue1;2;4;3;4;4;4;2;4;3;4;4;3;3;2;3;2;4;4;3;4;4;4;4;3;3;4;3;1;1;2;1;3
Dylan Mboumbouni;right;CB;Ligue1;1;3;2;2;1;2;1;2;1;2;2;3;2;3;1;3;2;3;1;3;3;1;1;2;3;3;3;1;1;3;1;3
Paul Baysse;right;CB;Ligue1;2;4;4;4;2;3;1;3;3;4;3;2;2;2;4;2;3;4;2;4;4;2;3;2;4;4;4;1;1;2;2;2
Jessy Moulin;right;GK;Ligue1;3;3;2;2;1;1;1;1;1;1;1;2;1;2;2;2;1;2;1;1;1;1;1;1;1;1;1;3;3;4;4;4
Yann Benedick;right;ST;Ligue1;1;2;1;2;3;2;2;3;2;1;3;3;2;3;2;3;2;2;2;2;1;3;2;3;1;1;1;1;1;3;2;1
Amadou Soukouna;right;ST;Ligue1;1;2;1;3;3;2;3;3;3;2;3;3;2;3;2;2;3;2;3;1;2;3;3;3;1;1;1;1;1;1;1;1
Modibo Maiga;left;ST;Ligue1;2;4;3;4;4;3;4;4;3;2;3;3;3;3;3;3;4;3;4;2;1;4;3;4;1;1;1;1;1;2;1;2
Hilton;right;CB;Ligue1;4;3;4;4;3;4;2;3;1;4;4;3;2;2;4;2;3;3;2;4;4;1;3;3;4;4;4;1;1;2;2;3
Kevin Monnet-Paquet;right;RM;Ligue1;2;3;4;4;4;4;3;4;4;3;4;4;4;4;4;3;4;3;3;2;2;4;4;2;1;2;2;1;1;1;1;3
Sessi D'Almeida;right;MC;Ligue1;1;3;2;3;2;2;1;2;2;2;3;3;2;2;2;3;3;2;2;4;3;2;2;2;4;3;3;1;1;1;2;3
Romain Genevois;right;CB;Ligue1;2;3;4;4;2;3;1;3;2;2;3;3;3;2;3;2;1;4;1;4;4;1;3;2;4;4;4;1;1;1;2;3
Pedro Henrique;left;LM;Ligue1;2;3;3;4;4;3;3;4;4;3;4;4;4;4;2;2;4;2;3;1;1;4;4;2;1;1;1;1;1;2;1;2
Francois Clerc;right;RB;Ligue1;3;4;4;4;2;4;1;3;4;4;4;3;3;3;4;2;3;3;3;4;4;3;4;3;4;4;4;1;1;1;1;3
Valentin Vada;right;CAM;Ligue1;1;2;2;3;3;3;2;3;3;3;3;3;2;3;2;4;3;2;2;2;2;3;3;3;2;2;2;1;1;3;2;1
Thibault Giresse;left;LM;Ligue1;4;2;4;4;4;4;4;4;4;4;4;3;2;3;3;4;4;1;4;2;2;4;4;4;2;2;1;1;1;3;1;3
Patrick Fradj;right;RB;Ligue1;1;3;1;3;1;2;1;1;1;1;3;2;2;2;2;3;2;2;1;3;3;1;1;2;3;3;3;1;1;3;2;2
Andre Franck Zambo Anguissa;right;MC;Ligue1;1;3;1;3;2;3;2;2;2;3;2;3;2;2;2;2;3;2;2;2;2;2;2;2;3;3;3;1;1;1;1;2
Mahamane Traore;right;MC;Ligue1;2;2;3;4;3;4;3;4;3;4;4;4;3;3;4;4;4;3;4;3;4;2;4;4;3;3;3;1;1;2;1;3
Habib Habibou;right;ST;Ligue1;2;4;3;4;4;3;4;4;2;2;3;4;3;3;3;2;4;4;4;2;1;4;3;3;1;2;1;1;1;2;1;1
Gelson Fernandes;right;MC;Ligue1;2;3;4;1;3;3;4;3;4;3;3;3;3;3;4;3;4;4;4;2;4;4;3;3;2;4;4;4;1;1;2;2
Presnel Kimpembe;left;CB;Ligue1;1;3;1;2;1;3;1;2;1;2;2;2;2;1;2;3;2;2;1;2;3;1;1;2;3;4;3;1;1;3;2;1
Lamine Gassama;right;RB;Ligue1;2;3;3;4;2;3;1;2;3;3;4;3;3;2;3;3;2;3;1;4;4;2;3;3;4;4;4;1;1;1;2;1
Jeremie Porsan-Clemente;right;ST;Ligue1;1;3;1;3;3;2;3;2;2;2;3;3;2;3;2;3;3;2;3;2;1;3;3;3;1;1;1;1;1;1;2;3
Pierrick Valdivia;left;MC;Ligue1;2;4;3;4;4;4;1;3;3;4;4;3;2;3;3;2;4;3;4;3;4;3;4;3;4;4;3;1;1;3;1;1
Maxime Dupe;right;GK;Ligue1;1;4;3;2;1;1;1;1;1;1;1;2;1;1;3;1;1;4;1;1;1;1;1;1;1;1;1;3;3;4;3;4
Yacine Bammou;right;ST;Ligue1;1;4;3;4;4;3;3;3;3;3;4;3;3;3;3;2;4;4;4;3;2;4;3;4;1;2;1;1;1;2;1;2
Diego;left;LM;Ligue1;2;3;4;4;4;4;3;4;4;4;4;3;3;4;3;4;4;2;4;2;2;3;4;4;1;1;1;1;1;3;1;1
Kian Hansen;right;MC;Ligue1;2;3;3;3;1;4;1;2;2;4;4;3;2;3;3;3;3;3;2;3;4;2;2;1;4;4;4;1;1;3;1;3
Dany Nounkeu;right;CB;Ligue1;3;3;3;4;1;3;1;3;3;4;3;4;3;4;3;2;2;3;1;4;4;1;2;1;4;4;3;1;1;2;1;2
Martin Sourzac;right;GK;Ligue1;1;3;2;2;1;1;1;1;1;1;1;2;1;2;2;2;1;2;1;1;1;1;1;1;1;1;1;3;3;4;3;4
Benjamin Corgnet;right;CAM;Ligue1;2;3;4;4;4;4;3;4;4;4;4;3;2;3;4;3;4;2;4;2;4;4;4;4;2;2;2;1;1;1;2;1
Jules Iloki;right;RW;Ligue1;1;2;1;3;2;2;2;4;2;1;3;4;4;4;1;4;2;1;2;1;1;3;2;2;1;1;1;1;1;1;1;1
Jonathan Brison;left;LB;Ligue1;3;3;4;4;3;4;3;4;4;4;4;4;2;3;4;3;3;3;3;4;3;4;4;1;4;4;4;1;1;1;2;2
Benjamin Pavard;right;RB;Ligue1;1;3;1;3;1;3;1;3;2;3;3;3;2;2;3;3;3;1;1;3;3;2;2;2;3;3;3;1;1;3;1;3
Kassim Abdallah;right;RB;Ligue1;2;4;3;4;1;3;1;2;1;3;2;3;2;2;4;2;2;4;1;4;4;2;2;1;4;4;3;1;1;2;2;2
Yannis Salibur;left;LW;Ligue1;2;2;3;4;4;3;2;4;4;2;3;4;4;4;2;3;3;3;3;1;3;3;3;3;2;1;1;1;1;2;1;1
Grejohn Kyei;right;ST;Ligue1;1;4;2;2;4;2;2;3;2;2;3;3;2;3;2;1;3;3;2;2;1;3;2;4;1;1;1;1;1;2;1;1
Benjamin Jeannot;right;ST;Ligue1;1;3;3;3;4;3;4;3;2;3;4;3;3;3;3;3;4;3;4;2;1;4;3;4;1;1;1;1;1;1;2;1
Mathieu Bodmer;right;CB;Ligue1;3;4;4;4;3;4;3;3;3;4;4;2;2;2;4;1;4;4;4;4;4;2;3;4;4;4;3;1;1;3;2;3
Jean II Makoun;right;MC;Ligue1;3;2;4;3;3;4;3;3;3;4;4;3;2;2;4;4;3;3;3;3;4;4;4;2;4;3;3;1;1;1;1;3
Azbe Jug;right;GK;Ligue1;1;4;2;2;1;1;1;1;1;1;1;2;1;1;3;1;1;3;1;1;1;1;1;1;1;1;1;3;2;4;4;4
Baptiste Valette;right;GK;Ligue1;1;4;1;2;1;1;1;1;1;1;1;1;1;1;2;1;1;2;1;1;1;1;1;1;1;1;1;3;2;4;3;4
Bengali-Fode Koita;right;RW;Ligue1;2;4;3;4;4;3;3;4;1;3;4;4;3;3;3;1;3;3;3;1;1;4;3;3;1;1;1;1;1;2;1;1
Landry N'Guemo;left;MC;Ligue1;3;2;4;4;2;4;1;4;3;4;4;3;3;3;4;4;4;3;3;4;4;3;4;1;4;4;3;1;1;1;1;3
Nicolas Pallois;left;CB;Ligue1;2;4;4;4;2;4;1;3;1;4;3;2;2;2;3;1;3;4;3;4;4;1;3;2;4;4;4;1;1;2;2;1
Romain Danze;right;RB;Ligue1;2;3;4;4;3;4;3;3;3;4;4;3;2;3;4;3;4;3;4;4;4;3;4;2;4;4;4;1;1;1;2;1
Stephane Sparagna;right;CB;Ligue1;1;4;2;2;1;2;1;1;2;2;2;3;3;1;2;2;2;3;1;3;3;1;1;2;3;4;3;1;1;1;1;3
Aleksandar Pesic;right;ST;Ligue1;1;4;3;3;4;4;4;4;3;2;4;3;2;2;3;2;4;4;4;3;1;4;4;4;2;2;2;1;1;3;1;2
Antoine Conte;right;CB;Ligue1;1;3;3;4;1;3;1;3;3;4;3;3;3;3;3;2;2;3;1;3;4;1;2;1;4;4;4;1;1;3;2;3
Andre Biyogo Poko;right;MC;Ligue1;1;2;3;3;3;3;2;4;2;4;4;3;3;3;3;4;3;3;2;4;4;4;4;2;4;4;3;1;1;3;2;2
Brice Samba;right;GK;Ligue1;1;4;2;2;1;1;1;1;1;1;1;1;1;1;3;2;1;2;1;1;1;1;1;1;1;1;1;3;2;4;3;4
Julien Faubert;right;RM;Ligue1;3;3;3;4;3;4;2;4;4;4;4;3;3;3;4;3;4;4;3;4;3;4;4;2;4;4;3;1;1;3;1;2
Karim Ait-Fana;right;LW;Ligue1;2;2;3;4;4;3;3;4;3;3;4;3;3;3;3;4;3;1;3;2;2;3;3;4;1;2;1;1;1;3;1;1
Xavier Pentecote;right;ST;Ligue1;2;3;2;4;4;3;4;3;3;3;3;3;1;3;1;3;4;3;3;3;1;4;3;4;1;1;1;1;1;3;1;2
Marcel Tisserand;right;RM;Ligue1;1;4;3;4;2;3;2;4;4;4;4;3;3;2;3;3;3;3;1;3;3;4;3;3;4;4;4;1;1;1;2;3
Florent Chaigneau;right;GK;Ligue1;3;4;3;2;1;1;1;1;1;1;1;1;2;1;2;1;1;2;1;1;1;1;1;1;1;1;1;3;2;4;4;4
Robin Maulun;right;CAM;Ligue1;1;2;2;3;3;3;2;3;3;3;3;3;3;3;2;3;3;1;2;2;1;3;4;3;2;3;2;1;1;1;2;3
Francois Moubandje;left;CB;Ligue1;2;3;4;4;2;3;2;4;3;4;4;3;3;3;3;3;3;3;2;4;4;4;3;3;4;4;4;1;1;3;1;1
Abdou Traore;right;MC;Ligue1;2;3;3;4;3;4;3;4;4;4;4;3;3;4;3;3;3;2;3;2;3;3;4;2;4;3;3;1;1;3;1;1
Enzo Crivelli;right;ST;Ligue1;1;3;2;3;3;2;3;3;2;2;3;3;3;2;3;1;4;4;3;4;1;3;3;3;1;1;1;1;1;3;2;1
Brou Benjamin Angoua;right;CB;Ligue1;2;3;4;3;2;3;1;2;2;3;3;3;2;3;4;3;2;3;1;4;4;1;2;2;4;4;4;1;1;2;2;3
Mathieu Duhamel;left;ST;Ligue1;3;3;4;3;4;3;3;4;3;2;4;3;3;3;3;2;4;4;3;3;2;4;3;4;1;1;1;1;1;1;1;3
Jussie;right;ST;Ligue1;3;3;4;4;4;4;4;4;4;4;4;4;3;4;4;2;4;3;3;3;2;4;4;4;1;1;1;1;1;1;1;1
Seydou Sy;right;GK;Ligue1;1;4;1;2;1;1;1;1;1;1;1;2;1;1;2;1;1;3;1;1;1;1;1;1;1;1;1;3;2;4;3;4
Jeremy Pied;right;RM;Ligue1;2;2;4;4;4;4;4;4;4;4;4;4;3;4;2;4;4;2;4;4;3;4;4;3;2;3;3;1;1;1;2;1
David Ramirez;right;ST;Ligue1;1;2;3;3;4;3;3;4;3;2;4;4;3;3;3;4;4;3;3;3;1;3;3;3;1;1;1;1;1;1;2;1
Pablo Chavarria;right;RM;Ligue1;2;4;3;4;4;4;3;4;3;3;4;4;4;4;4;3;4;3;3;4;1;4;4;3;1;2;2;1;1;2;2;1
Koffi Djidji;right;CB;Ligue1;1;3;2;2;1;2;1;2;1;3;3;3;3;2;2;3;2;3;1;3;3;1;1;1;3;4;3;1;1;1;1;1
Cheick Doukoure;right;MC;Ligue1;1;3;2;1;3;3;4;2;3;2;3;3;2;3;2;2;3;3;4;3;3;3;2;3;2;3;3;3;1;3;2;2
Maxime Poundje;left;LB;Ligue1;1;3;3;4;1;3;1;4;2;3;4;4;4;3;3;4;1;2;1;4;3;3;3;2;3;3;3;1;1;1;2;2
Gautier Lloris;right;CB;Ligue1;1;4;2;2;1;2;1;1;1;2;1;2;2;2;1;1;2;3;1;2;3;1;1;2;3;4;3;1;1;3;1;3
Albert Rafetraniaina;right;RB;Ligue1;1;2;1;4;1;3;1;2;2;3;2;4;3;2;2;3;1;1;1;3;3;2;1;2;3;3;3;1;1;3;2;2
Ferjani Sassi;right;MC;Ligue1;1;4;2;3;2;3;2;4;3;4;3;4;2;3;3;4;3;2;2;4;3;4;4;2;3;3;4;1;1;3;1;1
Theo Pellenard;left;LB;Ligue1;1;3;2;4;1;2;1;3;2;3;3;3;3;2;2;2;1;3;1;3;3;2;2;2;4;3;3;1;1;2;1;3
Valentin Rongier;right;MC;Ligue1;1;2;2;4;3;4;2;3;3;4;4;3;2;3;2;4;3;1;2;2;2;2;3;3;2;3;3;1;1;2;1;2
Lalaina Nomenjanahary;left;LW;Ligue1;3;2;3;4;3;3;3;4;3;3;4;4;4;3;3;3;2;2;3;2;3;3;4;1;3;3;3;1;1;2;1;3
Guillaume Gillet;right;MC;Ligue1;3;4;4;4;4;4;4;4;3;4;4;3;3;3;4;2;4;3;4;3;4;4;4;4;4;4;4;1;1;3;2;2
Jeremy Clement;left;MC;Ligue1;3;3;4;4;3;4;2;3;2;4;4;2;1;3;4;3;4;3;4;4;4;2;4;3;4;4;4;1;1;3;1;3
Adrien Thomasson;right;MC;Ligue1;1;3;3;4;4;4;2;4;3;4;4;4;3;4;3;3;3;3;3;3;3;3;4;3;3;3;2;1;1;3;1;3
Steven Moreira;right;LB;Ligue1;1;2;3;4;1;3;1;3;2;3;3;3;3;3;3;3;2;2;1;2;3;2;2;1;4;4;4;1;1;1;2;1
Djamel Bakar;right;ST;Ligue1;2;1;3;3;4;2;4;4;4;2;4;4;3;3;4;4;4;2;4;2;2;3;3;3;1;1;1;1;1;3;2;2
Geoffrey Jourdren;right;GK;Ligue1;3;3;4;2;1;1;1;1;1;1;1;1;1;2;3;1;1;2;1;1;1;1;1;1;1;1;1;4;3;4;4;4
Mathieu Peybernes;right;CB;Ligue1;2;4;3;3;1;3;3;2;1;3;3;2;1;2;3;2;1;3;1;3;4;2;2;1;4;4;3;1;1;2;1;1
Clarck Nsikulu;right;ST;Ligue1;1;3;3;4;4;3;3;4;3;2;4;4;3;3;2;3;3;2;3;1;1;4;3;4;1;1;1;1;1;3;2;1
Kevin Soni;left;CAM;Ligue1;1;3;1;3;3;2;3;4;3;2;3;4;3;3;2;3;2;2;2;2;1;2;3;2;2;2;2;1;1;1;1;1
Gjoko Zajkov;right;CB;Ligue1;1;4;2;3;1;3;1;1;1;3;1;3;2;2;2;2;2;3;1;3;3;1;1;2;4;4;3;1;1;3;2;3
Valentin Roberge;left;CB;Ligue1;2;4;3;3;1;3;2;3;3;3;3;3;2;2;3;2;1;4;1;4;4;1;2;3;4;4;4;1;1;3;1;3
Guirane N'Daw;left;MC;Ligue1;3;4;3;3;2;3;2;3;2;4;3;1;1;2;3;1;4;4;4;4;3;1;2;3;4;4;4;1;1;2;2;3
Sebastien Squillaci;right;CB;Ligue1;4;4;4;2;1;4;1;2;1;3;3;2;1;2;2;1;3;3;1;4;4;1;2;2;4;4;4;1;1;1;2;1
Jonathan Ligali;right;GK;Ligue1;2;3;3;2;1;1;1;1;1;1;1;1;1;1;3;1;1;2;1;1;1;1;1;1;1;1;1;4;3;4;4;4
Emiliano Sala;right;ST;Ligue1;2;4;3;3;4;3;3;3;2;2;4;3;2;3;3;2;4;3;3;3;2;4;3;3;1;1;1;1;1;1;1;1
Jonas Lossl;right;GK;Ligue1;2;4;4;2;1;1;1;1;1;1;1;1;2;2;2;2;3;1;4;1;1;1;1;1;1;1;1;2;3;4;4;4
Sergey Krivets;right;CAM;Ligue1;3;2;3;4;4;4;3;4;3;4;4;3;3;3;3;3;4;2;4;2;3;2;4;2;3;2;2;1;1;2;1;3
Rachid Alioui;right;ST;Ligue1;1;4;3;2;4;1;3;3;3;1;3;3;2;3;3;1;4;4;4;2;1;3;2;3;1;1;1;1;1;2;1;1
Ismael Bangoura;right;ST;Ligue1;3;2;3;3;3;2;4;3;3;2;3;3;3;3;3;3;4;2;4;3;1;3;2;4;1;1;1;1;1;3;1;3
Dennis Appiah;right;RB;Ligue1;1;3;3;4;1;2;1;3;2;3;3;3;3;2;3;3;2;3;2;4;4;2;3;2;4;4;4;1;1;2;2;1
Thibaut Vion;right;ST;Ligue1;1;3;2;2;4;2;3;2;2;2;3;3;2;2;2;3;4;2;3;2;1;4;3;4;1;1;1;1;1;1;2;2
Modou Sougou;right;RW;Ligue1;3;3;3;4;4;3;3;4;4;3;4;4;4;4;4;3;4;3;3;2;2;3;3;4;1;1;1;1;1;2;1;2
Marcus Coco;right;RW;Ligue1;1;3;2;3;3;2;2;3;2;2;3;4;4;4;2;4;3;2;3;1;2;2;2;3;1;2;1;1;1;3;1;1
Paulin Puel;left;ST;Ligue1;1;3;1;2;3;2;2;2;2;1;2;3;2;3;2;3;2;1;3;1;1;3;3;3;1;1;1;1;1;2;1;1
Taylor Moore;right;CB;Ligue1;1;3;1;3;1;2;1;2;1;3;2;2;2;1;1;2;2;3;2;2;3;1;2;2;3;3;2;1;1;1;1;1
Dylan Saint-Louis;right;LW;Ligue1;1;2;2;4;4;2;2;4;3;2;3;4;3;3;1;3;3;2;2;1;1;2;3;3;1;2;1;1;1;1;2;2
Said Benrahma;right;RW;Ligue1;1;2;1;3;3;3;2;4;2;3;3;3;3;4;2;4;3;1;2;2;2;2;3;2;1;1;1;1;1;1;1;2
Youssouf Kone;right;LB;Ligue1;1;2;1;3;1;2;1;3;2;2;3;4;3;3;3;3;1;2;1;3;3;2;2;2;3;3;3;1;1;2;2;1
Julien Vercauteren;left;LW;Ligue1;1;1;2;4;3;2;2;4;2;3;3;4;2;3;2;4;3;1;2;2;1;3;3;2;2;1;1;1;1;3;1;2
Joris Delle;left;GK;Ligue1;2;4;3;2;1;1;1;1;1;1;1;2;1;1;3;1;1;3;1;1;1;1;1;1;1;1;1;4;3;4;4;4
Damien Da Silva;right;CB;Ligue1;2;3;3;3;1;3;1;2;1;2;3;2;3;2;2;2;1;3;1;4;4;1;2;2;4;4;4;1;1;2;2;2
Julian Palmieri;right;LB;Ligue1;2;1;3;4;3;4;2;4;4;4;4;4;3;4;4;4;3;2;3;4;3;4;4;3;4;3;4;1;1;1;2;1
El Hadji Ba;right;MC;Ligue1;1;3;1;3;2;3;2;3;2;3;3;3;2;3;2;2;3;3;2;3;2;3;3;3;2;3;3;1;1;3;2;2
Gaetan Charbonnier;right;CAM;Ligue1;2;4;4;3;4;4;3;4;3;3;4;2;1;3;3;2;4;4;4;1;1;4;4;4;1;2;1;1;1;2;1;3
Jamel Saihi;right;MC;Ligue1;2;3;4;3;2;4;2;3;3;4;4;2;2;3;4;2;4;2;3;4;4;3;4;3;4;4;3;1;1;3;2;3
Francois Modesto;right;CB;Ligue1;4;3;4;4;3;3;1;2;4;4;3;2;2;2;4;3;3;3;3;4;4;2;3;1;4;4;4;1;1;1;1;2
Vincent Bessat;left;LM;Ligue1;3;3;4;4;3;4;3;4;3;4;4;4;3;3;4;3;3;3;4;3;2;3;4;3;2;3;2;1;1;2;2;1
Mamadou Samassa;right;GK;Ligue1;2;4;3;2;1;1;1;1;1;1;1;1;2;1;3;1;1;4;1;1;1;1;1;1;1;1;1;4;3;4;3;4
Niklas Hult;left;LM;Ligue1;2;2;3;4;2;3;2;4;3;3;4;4;4;4;4;4;3;1;1;2;3;4;3;2;3;3;3;1;1;3;2;3
Drissa Diakite;right;RB;Ligue1;3;2;4;4;2;3;1;3;2;4;3;4;3;3;4;4;2;3;2;4;3;2;2;1;4;4;4;1;1;3;2;3
Prince Oniangue;right;MC;Ligue1;2;4;4;3;4;4;3;4;4;4;4;3;2;3;4;2;4;4;4;3;4;3;4;2;4;4;4;1;1;1;2;2
Adama Soumaoro;right;RB;Ligue1;1;4;2;3;1;2;1;2;1;2;2;2;2;2;2;2;2;4;1;3;3;1;1;2;4;4;3;1;1;1;2;3
Youssef Benali;right;ST;Ligue1;1;1;2;3;3;2;3;4;4;3;4;3;2;2;1;4;3;1;3;1;1;3;3;4;1;1;1;1;1;1;1;2
Marc Planus;right;CB;Ligue1;4;3;3;2;2;4;1;2;2;4;3;1;1;2;3;2;4;3;3;3;4;1;3;2;4;4;4;1;1;3;1;2
Walid Mesloub;right;CAM;Ligue1;3;3;3;4;4;4;4;4;3;3;4;3;2;4;3;3;3;2;3;2;3;4;4;3;1;2;1;1;1;1;1;2
Adamo Coulibaly;right;ST;Ligue1;4;4;3;3;4;2;4;3;3;3;3;3;2;3;3;2;4;4;4;3;2;4;3;4;1;1;1;1;1;2;2;1
Marc-Aurele Caillard;right;GK;Ligue1;1;4;1;2;1;1;1;1;1;1;1;2;1;1;3;1;1;4;1;1;1;1;1;1;1;1;1;3;2;4;3;4
Emmanuel Imorou;left;LB;Ligue1;2;3;3;4;2;3;2;3;3;4;3;3;2;3;4;3;3;3;3;4;4;2;3;3;4;3;3;1;1;3;2;1
Franck Beria;right;RB;Ligue1;3;2;4;4;3;4;1;3;3;4;4;3;3;3;4;3;4;3;3;4;4;4;4;3;4;4;4;1;1;1;2;1
Christopher Glombard;right;RB;Ligue1;2;3;3;4;2;4;3;3;4;3;3;3;2;3;3;3;3;3;2;4;3;3;3;2;4;4;4;1;1;2;1;1
Steve Mounie;right;ST;Ligue1;1;4;2;3;4;2;2;3;2;2;3;3;1;3;1;2;3;2;3;2;2;3;3;3;1;1;1;1;1;1;2;3
Dorian Leveque;left;LB;Ligue1;2;3;3;4;1;4;1;3;1;3;4;3;2;3;3;3;3;2;1;3;4;2;2;2;4;4;4;1;1;1;1;1
Odair Fortes;right;RW;Ligue1;2;4;3;3;3;2;3;4;2;3;4;4;4;4;3;3;3;2;2;2;2;4;2;2;1;1;1;1;1;2;2;2
Sylvain Armand;left;CB;Ligue1;4;3;4;4;2;4;3;3;4;4;4;2;2;3;4;2;4;4;3;3;4;2;3;3;4;4;4;1;1;2;1;1
Florent Balmont;right;MC;Ligue1;4;1;4;4;3;4;3;4;4;4;4;3;2;3;4;4;4;3;4;4;4;3;4;3;4;4;4;1;1;1;2;3
Juan Manuel Falcon;right;ST;Ligue1;2;3;3;3;4;3;3;3;1;3;3;4;3;3;4;3;4;4;4;4;1;4;3;3;1;1;1;1;1;2;1;1
Romaric;left;MC;Ligue1;3;4;4;4;4;4;2;4;4;4;4;2;1;1;2;1;4;4;4;4;4;3;4;4;3;4;3;1;1;1;1;2
Souleymane Diawara;right;CB;Ligue1;4;4;4;3;2;3;1;2;2;3;3;2;2;2;3;2;3;4;2;4;4;1;3;2;4;4;4;1;1;1;1;3
Younes Kaabouni;right;MC;Ligue1;1;3;2;3;3;3;3;4;3;4;4;3;3;3;3;3;3;2;2;3;2;3;4;3;3;3;2;1;1;3;1;3
Aboubakar Kamara;right;ST;Ligue1;1;2;1;2;4;2;2;3;2;2;3;3;2;2;2;3;3;2;3;1;1;3;2;4;1;1;1;1;1;2;1;2
Alharbi El Jadeyaoui;left;LM;Ligue1;2;2;3;4;3;3;3;4;2;3;4;4;4;4;3;4;3;2;2;1;1;3;4;2;1;1;1;1;1;3;1;1
Riffi Mandanda;right;GK;Ligue1;1;4;1;2;1;1;1;1;1;1;1;1;1;1;2;1;1;3;1;1;1;1;1;1;1;1;1;3;2;4;3;4
Jeong Chung Gun;right;ST;Ligue1;1;3;1;3;4;2;3;2;3;2;2;3;2;2;1;2;2;1;3;1;1;2;2;3;1;1;1;1;1;2;2;2
Steeve Elana;right;GK;Ligue1;4;4;4;2;1;1;1;1;1;1;1;1;1;1;4;1;1;1;1;1;1;1;1;1;1;1;1;4;3;4;4;4
Jonathan Delaplace;right;MC;Ligue1;3;1;4;4;2;4;3;4;3;4;4;4;3;3;4;4;3;2;3;3;4;3;4;3;4;4;3;1;1;2;1;1
Yeltsin Tejeda;right;MC;Ligue1;1;3;3;3;2;4;2;4;3;4;4;3;2;2;3;3;3;3;2;3;3;3;3;2;4;4;4;1;1;3;2;2
Abdoulaye Sane;right;ST;Ligue1;1;2;2;4;4;2;2;3;2;3;3;3;3;3;2;3;3;1;3;1;1;3;3;3;1;1;1;1;1;3;1;3
Zacharie Boucher;right;GK;Ligue1;1;3;4;2;1;1;1;1;1;1;1;2;2;2;3;3;1;3;1;1;1;1;1;1;1;1;1;4;3;4;4;4
Mour Paye;right;ST;Ligue1;1;2;1;4;4;2;3;4;3;2;3;4;3;4;1;4;3;1;2;1;1;3;3;3;1;1;1;1;1;3;2;2
Mathieu Deplagne;right;RB;Ligue1;1;3;3;4;1;3;1;2;3;4;3;3;2;2;4;3;2;3;1;4;4;2;3;3;3;4;3;1;1;2;1;2
Johny Placide;right;GK;Ligue1;2;3;4;2;1;1;1;1;1;1;1;2;2;1;4;1;1;3;1;1;1;1;1;1;1;1;1;4;3;4;4;4
Kevin Berigaud;right;ST;Ligue1;2;2;3;4;4;4;4;4;3;4;4;3;3;3;3;3;4;2;4;3;2;4;4;4;2;2;2;1;1;2;1;3
Benjamin Andre;right;LM;Ligue1;2;2;3;4;4;4;2;4;3;4;4;4;3;3;4;3;3;2;3;2;3;3;4;3;3;3;3;1;1;3;1;2
William Matheus;left;LM;Ligue1;2;3;3;4;3;4;1;3;2;3;4;3;3;3;3;3;4;3;3;3;3;4;3;3;4;4;3;1;1;3;2;2
Wesley Lautoa;left;CB;Ligue1;2;3;3;3;1;2;1;1;2;2;3;3;2;3;3;2;2;4;2;4;4;2;2;2;4;4;4;1;1;1;2;1
Romain Philippoteaux;right;LW;Ligue1;2;1;4;4;4;3;3;4;3;3;4;4;4;4;3;4;4;2;3;2;4;4;4;2;2;2;2;1;1;2;1;3
Lamine Kone;right;CB;Ligue1;2;4;4;4;1;2;1;2;2;2;3;3;2;2;3;1;2;4;1;4;4;2;2;1;4;4;3;1;1;3;1;3
Florian David;right;MC;Ligue1;1;3;1;3;2;3;2;3;2;3;2;2;2;2;2;3;2;1;2;3;3;2;3;2;3;3;3;1;1;3;2;3
Christophe Kerbrat;right;CB;Ligue1;2;4;4;3;2;3;1;3;2;4;4;3;3;3;3;2;2;3;2;4;4;1;2;2;4;4;4;1;1;3;2;2
Abdou Diallo;left;CB;Ligue1;1;3;2;3;1;2;1;2;2;2;2;2;2;1;1;3;2;2;1;2;3;1;1;2;4;4;3;1;1;1;1;1
Yroundu Musavu-King;left;CB;Ligue1;1;4;2;2;1;2;1;1;1;2;2;3;2;1;1;3;2;4;1;3;3;1;1;1;4;4;3;1;1;1;2;2
Ludovic Baal;left;LB;Ligue1;3;2;3;4;2;4;3;3;3;4;4;4;3;2;3;3;2;3;3;3;4;1;3;3;3;4;4;1;1;2;2;3
Olivier Sorin;right;GK;Ligue1;4;4;3;2;1;1;1;1;1;1;1;1;2;1;2;1;1;2;1;1;1;1;1;1;1;1;1;3;3;4;4;4
Souleymane Camara;right;ST;Ligue1;3;2;3;4;4;4;4;4;3;3;4;3;2;3;3;4;4;2;4;3;2;4;3;4;3;3;2;1;1;3;2;2
Boubacar Sylla;left;RB;Ligue1;2;2;1;4;1;2;1;2;1;2;2;3;3;2;1;3;1;3;1;3;3;2;1;1;3;3;3;1;1;3;1;2
Lars Jacobsen;right;RB;Ligue1;4;3;3;1;4;2;4;2;3;2;3;3;2;3;2;4;3;2;4;2;4;4;3;2;3;4;4;4;1;2;1;1
Alioun Fall;right;RB;Ligue1;2;1;2;4;2;3;2;3;3;3;2;4;4;4;2;4;4;3;4;3;3;3;3;2;3;3;3;1;1;3;1;2
Hamadou Karamoko;right;CB;Ligue1;1;4;1;2;1;2;1;1;1;2;1;3;2;1;1;1;2;4;1;2;2;1;1;1;3;3;3;1;1;1;2;2
Jeremi Kimmakon;right;RW;Ligue1;1;3;2;3;3;3;3;4;2;3;3;4;3;3;2;4;3;1;2;2;2;3;2;2;2;2;1;1;1;3;1;2
Steeve Yago;right;CB;Ligue1;1;3;3;3;1;3;2;3;2;3;3;3;3;2;3;3;3;3;1;4;3;2;2;2;4;4;3;1;1;1;2;2
Hugo Guichard;right;GK;Ligue1;1;4;1;2;1;1;1;1;1;1;1;1;1;2;2;1;1;4;1;1;1;1;1;1;1;1;1;3;2;4;3;4
Dylan Bahamboula;right;CAM;Ligue1;1;4;1;3;3;2;3;4;3;3;4;3;2;2;2;3;3;1;2;2;2;2;4;3;2;2;2;1;1;2;2;1
Ronnie Schwartz;right;ST;Ligue1;2;3;3;2;4;3;3;3;3;3;3;4;4;3;2;3;4;2;4;4;2;4;2;3;1;1;1;1;1;1;1;3
Ladislas Douniama;right;RW;Ligue1;3;1;3;4;3;3;2;4;3;3;3;4;3;4;3;4;3;1;3;2;1;3;4;2;1;1;1;1;1;2;2;3
Dragoş Grigore;right;CB;Ligue1;2;4;3;3;2;3;3;2;3;4;3;3;2;2;3;2;4;3;3;4;4;1;3;3;4;4;4;1;1;3;1;3
Lloyd Palun;right;RB;Ligue1;2;3;3;4;3;3;2;4;2;3;4;3;3;2;3;3;3;3;2;3;3;3;3;2;4;4;4;1;1;2;2;3
Fabien Robert;right;ST;Ligue1;2;2;2;3;4;3;3;4;3;2;4;3;2;3;4;4;3;1;2;1;1;3;3;3;1;1;1;1;1;2;2;2
Souleymane Sangare;right;CB;Ligue1;1;3;1;2;1;1;1;1;1;1;1;3;2;1;1;2;2;2;1;2;3;1;1;2;3;3;3;1;1;3;1;2
Yoann Touzghar;right;ST;Ligue1;2;3;3;3;4;3;4;4;2;3;4;3;3;4;3;3;4;2;4;2;1;4;2;3;1;1;1;1;1;1;2;2
Nicolas Maurice-Belay;left;LM;Ligue1;3;3;4;4;4;4;3;4;3;4;4;4;4;3;4;3;4;3;4;2;3;4;4;4;2;3;1;1;1;2;1;3
Adama Niane;right;ST;Ligue1;1;3;1;2;4;1;2;3;2;1;2;3;2;2;2;3;3;3;2;1;1;2;2;3;1;1;1;1;1;2;2;1
Sylvain Marchal;right;CB;Ligue1;4;3;3;3;1;3;2;1;1;3;2;1;1;1;3;2;3;3;2;3;4;1;2;2;4;4;4;1;1;1;1;1
Lucas Mocio;left;GK;Ligue1;1;4;2;2;1;1;1;1;1;1;1;1;1;1;2;1;1;4;1;1;1;1;1;1;1;1;1;3;2;4;3;4
Issiaga Sylla;left;LM;Ligue1;1;3;3;4;4;3;3;4;4;3;4;4;3;3;2;3;3;3;2;3;3;3;4;2;3;3;3;1;1;2;1;2
Jordan Adeoti;right;MC;Ligue1;2;3;3;4;2;3;1;2;2;4;3;2;3;2;3;3;1;3;2;4;4;2;3;1;4;4;3;1;1;2;2;1
Chris Philipps;right;CB;Ligue1;1;3;2;2;1;2;1;1;1;2;2;2;2;2;2;2;2;3;1;2;3;1;1;1;3;4;3;1;1;2;2;1
Jerome Le Moigne;right;MC;Ligue1;3;4;3;4;3;3;3;3;3;4;4;2;1;2;2;2;3;3;3;3;3;1;4;3;2;3;2;1;1;1;1;3
Raffidine Abdullah;right;MC;Ligue1;1;3;3;4;2;4;3;3;2;4;4;3;2;2;3;2;2;2;2;3;4;2;3;3;3;4;3;1;1;3;1;1
Momar Bangoura;right;MC;Ligue1;1;3;1;3;2;3;1;3;2;3;3;3;2;2;2;3;3;2;1;3;3;1;2;2;3;3;3;1;1;3;1;1
Julien Feret;right;CAM;Ligue1;3;4;4;4;4;4;3;4;4;4;4;2;2;4;4;2;4;3;4;2;2;4;4;4;2;3;2;1;1;2;2;1
Vincent Koziello;right;CAM;Ligue1;1;1;1;3;2;4;2;2;3;4;3;3;2;3;2;3;2;1;2;2;1;2;4;3;2;2;3;1;1;3;2;1
Jerrold Nyemeck;right;RB;Ligue1;1;3;2;4;1;2;1;3;2;2;2;3;3;2;2;3;2;3;1;3;3;2;1;2;3;4;3;1;1;1;2;3
Johan Audel;left;LM;Ligue1;3;3;3;4;4;3;3;4;4;3;3;3;3;3;4;3;4;2;3;3;2;4;4;3;1;1;1;1;1;3;1;1
Olivier Boscagli;right;CB;Ligue1;1;3;1;2;1;2;1;1;1;2;2;2;2;1;1;2;2;2;1;2;3;1;1;1;3;3;2;1;1;3;1;2
Siaka Tiene;left;LB;Ligue1;4;2;3;1;4;3;4;3;3;4;4;3;2;3;3;3;4;3;3;3;4;4;3;2;2;4;4;3;1;3;2;3
Zakariya Abarouai;right;ST;Ligue1;1;3;1;3;4;2;2;3;2;2;2;3;2;2;2;2;3;2;3;1;1;2;2;3;1;1;1;1;1;3;2;3
Nicki Bille Nielsen;right;ST;Ligue1;2;4;3;3;4;2;4;4;4;2;4;3;2;4;3;3;4;3;3;4;1;3;3;3;1;2;2;1;1;1;1;3
Remi Gomis;right;MC;Ligue1;3;3;3;3;3;3;2;3;2;4;4;3;1;1;3;3;4;4;3;4;4;2;3;2;3;4;4;1;1;3;1;1
Sacha Bastien;right;GK;Ligue1;1;4;1;2;1;1;1;1;1;2;1;1;1;1;2;1;1;3;1;1;1;1;1;1;1;1;1;3;2;4;3;4
Milos Ninkovic;right;LM;Ligue1;3;3;4;4;4;4;3;4;4;3;4;3;3;4;3;2;4;3;4;3;3;4;4;4;1;3;2;1;1;1;1;3
Anthony Ribelin;right;LW;Ligue1;1;2;2;3;3;3;2;4;3;3;3;3;3;3;3;3;3;2;3;3;3;3;3;2;3;3;3;1;1;3;1;2
Valentin Belon;right;GK;Ligue1;1;3;2;2;1;1;1;1;1;1;1;2;1;1;2;3;1;2;1;1;1;1;1;1;1;1;1;3;2;4;3;4
Simon Pouplin;left;GK;Ligue1;3;4;4;2;1;1;1;1;1;1;1;2;1;2;3;1;1;3;1;1;1;1;1;1;1;1;1;4;3;4;4;4
Guido Milan;right;CB;Ligue1;2;4;3;2;1;2;1;1;1;1;2;2;1;2;2;1;2;4;1;3;4;1;2;2;4;4;3;1;1;3;2;1
Benjamin Bourigeaud;right;MC;Ligue1;1;2;2;4;3;3;2;3;3;4;4;3;2;2;2;3;3;2;3;3;3;3;4;2;2;3;2;1;1;3;1;3
Daniel Congre;right;LB;Ligue1;3;4;3;4;1;4;1;3;1;4;4;3;2;2;2;2;2;4;1;4;4;2;3;1;4;4;4;1;1;1;1;1
Fabien Dao Castellana;right;MC;Ligue1;1;1;1;3;2;3;2;3;2;3;3;4;3;3;3;4;3;1;2;3;3;2;3;2;3;3;3;1;1;2;2;1
Jean-Louis Leca;right;GK;Ligue1;3;3;3;2;1;1;1;1;1;1;1;1;1;1;2;1;1;2;1;1;1;1;1;1;1;1;1;3;3;4;4;4
Maxime Spano;right;CB;Ligue1;1;3;2;3;1;2;1;2;2;2;2;3;2;2;1;2;3;3;1;3;3;2;1;2;4;4;3;1;1;2;1;1
Mustapha Diallo;right;MC;Ligue1;3;4;3;4;2;4;2;3;2;4;4;2;2;2;3;2;3;4;3;4;4;2;3;2;4;4;4;1;1;1;2;3
Jeremy Sorbon;right;CB;Ligue1;3;3;3;4;1;3;1;1;2;3;3;1;1;2;3;3;2;3;1;4;4;2;3;1;4;4;3;1;1;1;1;3
Jose Luis Palomino;left;CB;Ligue1;2;4;3;4;1;3;1;3;3;3;3;3;2;2;3;1;2;4;1;2;3;1;1;2;4;4;4;1;1;1;1;2
Paul Lasne;left;RM;Ligue1;2;4;3;4;4;4;4;4;4;4;4;3;2;3;4;3;4;3;4;3;4;4;4;3;4;4;3;1;1;1;1;1
Cheick Toure;right;CB;Ligue1;1;4;2;3;1;2;1;1;1;2;2;2;2;1;3;3;2;4;1;3;3;1;1;2;3;4;3;1;1;1;2;2
Kevin Gomis;right;CB;Ligue1;2;4;3;2;1;2;1;1;1;1;2;2;3;2;3;2;2;4;1;4;4;1;2;1;4;4;3;1;1;3;2;1
Djakaridja Kone;right;MC;Ligue1;3;3;3;3;1;3;2;3;2;4;3;3;2;2;4;3;3;3;1;4;4;1;4;1;4;4;4;1;1;1;1;2
Anthony Weber;right;CB;Ligue1;2;4;4;2;1;4;1;1;3;4;3;1;1;1;4;2;1;4;1;3;4;1;3;2;4;4;3;1;1;2;2;3
Yann Bodiger;left;MC;Ligue1;1;4;2;3;1;3;2;3;3;3;3;2;1;2;2;2;3;3;2;3;3;2;3;3;3;3;3;1;1;1;2;3
Marvin Gakpa;right;CAM;Ligue1;1;3;1;2;3;2;3;4;2;2;3;3;2;3;1;1;2;2;3;1;1;2;3;2;1;1;1;1;1;1;2;3
Maxime Baca;right;RB;Ligue1;3;1;3;4;1;4;1;3;4;4;4;3;2;3;3;3;2;2;1;3;4;3;2;4;4;4;4;1;1;3;2;3
David Alcibiade;right;RB;Ligue1;1;3;1;3;1;2;1;2;1;2;2;2;2;2;2;3;1;3;1;1;3;2;2;1;3;3;3;1;1;3;1;1
Lionel M'Pasi;right;GK;Ligue1;1;3;1;2;1;1;1;1;1;2;1;2;1;1;2;2;1;2;1;1;1;1;1;1;1;1;1;3;2;4;3;4
Rudy Riou;right;GK;Ligue1;4;4;3;2;1;1;1;1;1;1;1;1;1;2;3;2;1;2;1;1;1;1;1;1;1;1;1;3;3;4;4;4
Maxime Barthelme;left;LM;Ligue1;2;2;3;4;3;4;2;4;3;3;4;4;3;3;4;4;2;2;4;4;3;2;4;3;3;4;4;1;1;2;2;3
Chaker Alhadhur;right;LB;Ligue1;1;1;2;4;1;3;2;3;3;3;3;3;2;4;3;4;3;1;2;1;3;1;2;1;4;4;4;1;1;1;2;1
Mory Diaw;right;GK;Ligue1;1;4;2;2;1;1;1;1;1;1;1;1;1;1;2;1;1;2;1;1;1;1;1;1;1;1;1;3;2;4;4;4
Abdoulaye Keita;right;MC;Ligue1;1;2;1;3;1;3;2;3;2;3;3;3;2;2;2;3;3;2;3;3;3;3;3;2;2;3;3;1;1;3;1;1
Felipe Saad;left;CB;Ligue1;3;4;2;3;2;1;1;2;1;2;2;2;2;2;3;2;4;3;3;3;2;1;2;4;4;4;3;1;1;1;2;2
Christophe Vincent;right;MC;Ligue1;1;3;1;3;1;3;1;2;2;3;3;2;1;2;2;3;2;2;2;3;3;3;4;2;2;3;3;1;1;1;1;2
Jean Butez;right;GK;Ligue1;1;4;2;2;1;1;1;1;1;1;2;2;1;1;2;2;1;2;1;1;1;1;1;1;1;1;1;3;2;4;3;4
Herve Bazile;left;LW;Ligue1;2;3;3;4;4;3;3;4;3;2;3;4;3;3;2;3;4;3;3;2;1;3;4;3;1;1;1;1;1;2;1;1
Sloan Privat;right;ST;Ligue1;2;4;3;3;4;3;4;3;3;2;3;3;2;3;4;1;4;4;3;1;2;4;2;3;1;1;1;1;1;3;2;1
Jean Calve;right;RB;Ligue1;3;3;3;4;3;4;2;3;3;3;3;3;1;2;3;2;4;3;3;4;3;3;2;3;3;4;3;1;1;1;1;2
Damien Perquis;right;GK;Ligue1;3;3;3;2;1;1;1;1;1;1;1;1;1;2;3;2;2;2;1;1;1;1;1;1;1;1;1;3;3;4;4;4
Benjamin Leroy;right;GK;Ligue1;2;4;3;2;1;1;1;1;1;1;1;1;1;1;4;1;1;1;1;1;1;1;1;1;1;1;1;4;3;4;4;4
Denis Bouanga;left;LW;Ligue1;1;2;1;4;4;2;2;3;3;3;3;3;2;3;2;2;3;2;3;1;1;3;2;2;1;1;1;1;1;3;1;3
Marc Vidal;right;GK;Ligue1;2;3;2;2;1;1;1;1;1;1;1;1;1;2;2;2;1;3;1;1;1;1;1;1;1;1;1;3;3;4;3;4
Kossi Agassa;right;GK;Ligue1;4;4;4;2;1;1;1;1;1;1;1;1;1;1;4;1;1;3;1;2;1;1;1;1;1;1;1;4;4;4;4;4
Ebrima Bojang;right;ST;Ligue1;1;4;1;2;3;1;2;2;1;1;2;3;2;1;1;2;3;4;2;2;1;3;3;3;1;1;1;1;1;3;1;2
Deme N'Diaye;left;LM;Ligue1;3;4;2;4;3;3;3;3;2;3;3;4;4;2;2;2;3;2;3;2;2;3;3;4;1;1;1;1;1;1;2;3
Mehdi Mostefa;right;MC;Ligue1;3;3;3;3;3;3;1;1;1;4;4;2;1;3;4;3;2;3;3;4;4;2;4;3;3;4;3;1;1;2;1;1
Mihai Roman;right;RM;Ligue1;3;2;3;4;4;4;3;4;3;4;4;4;3;3;3;4;4;2;3;3;3;4;4;2;1;3;2;1;1;3;1;1
Corentin Halucha;right;RB;Ligue1;1;1;1;3;2;2;1;3;3;2;2;3;2;3;2;3;3;1;2;3;3;2;2;2;3;3;3;1;1;2;2;1
Goncalves Nogueira;right;ST;Ligue1;1;3;1;2;4;2;3;4;3;2;2;2;2;2;2;3;4;2;3;1;1;2;3;4;1;1;1;1;1;2;1;2
Cedric Barbosa;right;LM;Ligue1;4;3;3;4;4;4;2;4;4;4;4;2;1;3;4;3;4;2;4;3;2;4;4;4;4;4;2;1;1;2;2;2
Aristote Madiani;right;ST;Ligue1;1;4;1;2;4;2;2;3;2;2;2;2;2;2;2;2;3;1;3;1;1;2;3;4;1;1;1;1;1;1;1;1
Vincent Le Goff;left;LB;Ligue1;2;2;3;4;3;4;2;4;2;4;4;3;3;4;3;3;3;2;4;3;4;4;3;2;4;4;4;1;1;1;2;1
Dusan Veskovac;right;CB;Ligue1;3;4;3;3;2;2;1;3;2;3;2;3;2;2;2;2;3;3;2;4;4;2;2;2;4;4;4;1;1;2;2;2
Kwame Nsor;right;ST;Ligue1;1;4;2;3;4;2;2;3;2;2;3;3;3;3;2;2;3;2;2;1;1;4;2;3;1;1;1;1;1;1;1;1
Christopher Maboulou;right;LW;Ligue1;2;4;3;4;4;4;3;4;3;4;4;3;4;3;3;3;4;2;4;2;2;4;4;3;1;2;1;1;1;3;2;3
Najib Gandi;right;RW;Ligue1;1;4;1;3;3;2;3;3;2;2;3;3;2;3;1;2;3;2;2;1;1;2;3;3;1;2;1;1;1;1;1;2
David Rozehnal;right;CB;Ligue1;4;4;4;3;1;4;1;2;1;4;3;2;1;1;3;1;3;3;3;3;4;1;3;2;4;4;4;1;1;3;1;3
Benjamin Boulenger;left;LB;Ligue1;2;4;2;4;2;3;1;3;3;3;3;3;2;2;3;2;2;4;2;3;3;3;3;1;3;4;3;1;1;3;1;1
Omenuke Mfulu;right;MC;Ligue1;1;3;2;2;2;3;2;2;2;3;3;2;2;2;2;3;2;3;2;3;3;1;3;2;3;4;3;1;1;2;2;2
Wesley Jobello;right;ST;Ligue1;1;3;1;3;3;2;3;4;3;2;3;3;2;2;2;2;4;1;3;1;1;2;2;3;1;1;1;1;1;1;1;2
Pape Tafsir Thiombane;left;LM;Ligue1;1;3;1;3;2;3;3;3;3;3;3;4;3;3;2;3;2;1;2;2;3;2;2;2;3;3;3;1;1;3;1;3
Baissama Sankoh;right;RB;Ligue1;1;3;2;3;1;2;1;3;2;3;3;3;2;2;2;2;2;3;2;3;4;1;1;1;4;4;3;1;1;2;2;2
Paulo Henriques de Pinho;right;GK;Ligue1;1;4;1;2;1;1;1;1;1;1;1;1;1;1;2;3;1;2;1;1;1;1;1;1;1;1;1;3;2;4;3;4
Sebastien Wuthrich;left;CAM;Ligue1;2;3;3;4;3;3;3;4;3;4;4;3;2;3;2;3;3;2;3;2;3;4;4;3;2;3;2;1;1;2;2;3
Didier Ndong;right;MC;Ligue1;1;3;2;3;2;4;2;3;1;4;4;3;3;3;2;4;2;2;2;4;3;3;2;2;3;4;3;1;1;3;1;3
Fadil Sido;right;RM;Ligue1;1;1;1;3;3;2;2;3;2;3;3;3;3;4;2;4;3;2;2;2;1;2;3;2;2;1;1;1;1;3;1;3
Gianni Seraf;right;CAM;Ligue1;1;1;2;4;3;3;2;4;3;3;3;2;2;3;2;3;3;2;2;3;3;3;4;2;3;3;3;1;1;1;1;2
Sada Thioub;right;ST;Ligue1;1;3;1;3;3;2;3;4;3;2;2;3;3;2;2;3;3;2;3;1;1;2;3;3;1;1;1;1;1;1;2;3
Jonathan Rivierez;right;RB;Ligue1;2;3;3;4;1;3;1;2;1;3;3;3;3;2;3;3;2;4;1;3;3;1;1;1;3;4;3;1;1;3;1;3
Anthony Walongwa;right;CB;Ligue1;1;4;1;2;1;2;1;1;1;2;1;3;2;2;2;2;2;4;1;2;3;1;1;2;3;3;3;1;1;1;2;3
Francois Pantxi Sirieix;right;MC;Ligue1;4;3;2;4;4;3;3;3;3;4;3;2;1;3;3;3;4;3;4;4;3;3;4;4;4;4;3;1;1;1;2;3
Nicolas Saint-Ruf;right;CB;Ligue1;1;4;1;4;1;2;1;3;1;3;3;3;2;2;3;2;2;3;1;2;3;1;1;1;3;3;3;1;1;3;1;2
Julien Cardy;right;MC;Ligue1;4;2;2;4;3;4;1;3;4;4;4;1;2;2;3;3;3;2;2;4;3;1;4;4;3;3;3;1;1;2;1;1
Ahmed Kashi;right;MC;Ligue1;2;3;3;3;1;3;1;2;3;3;3;3;1;3;3;3;2;3;2;4;4;2;3;2;4;4;4;1;1;3;2;1
Jordan Siebatcheu;right;ST;Ligue1;1;4;1;3;3;2;2;3;2;2;2;3;2;2;2;3;3;2;2;1;1;2;2;3;1;1;1;1;1;2;2;1
Joris Marveaux;right;MC;Ligue1;3;3;3;4;2;4;1;3;3;4;4;2;2;2;3;3;4;3;3;3;4;3;4;3;4;4;4;1;1;3;1;1
Jeremy Choplin;right;CB;Ligue1;3;3;3;3;1;3;1;2;1;4;2;2;2;1;2;2;3;4;3;3;3;1;2;2;3;4;3;1;1;2;1;2
Mohamed Fofana;right;CB;Ligue1;3;3;3;3;1;2;1;1;1;3;2;2;2;2;3;3;2;3;1;4;4;2;2;2;4;4;3;1;1;3;1;3
Fakhreddine Ben Youssef;right;ST;Ligue1;2;4;2;2;4;1;3;2;1;1;2;2;2;2;1;1;4;4;3;2;1;3;2;3;1;1;1;1;1;3;2;1
Jonathan Beaulieu;right;MC;Ligue1;1;3;1;3;2;3;1;3;2;3;3;3;1;2;2;3;3;2;2;2;3;2;3;2;3;3;3;1;1;1;1;2
Jesper Juelsgård;left;LB;Ligue1;2;3;2;4;1;3;2;3;2;3;3;3;3;2;3;3;3;3;3;4;3;2;2;2;3;3;3;1;1;3;1;3
Samuel Atrous;right;GK;Ligue1;2;4;1;2;1;1;1;1;1;1;1;1;1;1;1;1;1;3;1;1;1;1;1;1;1;1;1;3;2;4;3;4
Nicolas Seube;right;MC;Ligue1;4;3;3;4;2;3;1;3;3;3;3;2;1;2;3;2;2;3;2;3;4;2;3;2;4;4;3;1;1;3;2;3
Pierre Lavenant;right;MC;Ligue1;1;3;1;3;1;3;1;3;2;3;3;3;2;2;2;2;2;2;2;2;3;2;3;2;3;3;3;1;1;3;1;2
Cyriack Garel;right;GK;Ligue1;1;3;1;2;1;1;1;1;1;1;1;1;1;1;2;2;1;1;1;1;1;1;1;1;1;1;1;3;2;4;3;4
Cazim Suljic;right;MC;Ligue1;1;3;1;3;2;2;2;2;3;3;2;2;2;2;2;3;3;2;3;2;3;2;2;2;3;3;2;1;1;1;2;3
Lionel Mathis;right;MC;Ligue1;4;2;4;4;2;4;2;3;3;4;4;2;1;2;4;4;4;2;3;4;4;2;4;2;4;4;4;1;1;3;1;1
Kevin Beauverger;left;LB;Ligue1;1;1;1;4;1;2;1;3;2;2;3;3;3;3;2;4;2;2;1;3;3;2;2;2;3;3;3;1;1;1;1;3
Erwin Zelazny;left;GK;Ligue1;1;4;1;2;1;1;1;1;1;1;1;1;1;1;1;1;1;2;1;1;1;1;1;1;1;1;1;3;2;4;3;4
Luka Kikabidze;right;RW;Ligue1;1;3;1;3;3;3;3;3;3;3;3;2;2;2;2;3;3;2;3;2;2;2;4;3;2;3;2;1;1;3;2;3
Aldo Angoula;right;CB;Ligue1;4;3;3;3;1;3;1;2;2;3;3;2;1;2;3;2;1;3;2;4;4;1;2;1;4;4;3;1;1;3;2;1
Maxence Chapuis;right;CB;Ligue1;1;3;1;2;1;2;1;2;1;2;2;2;2;2;3;3;2;3;1;1;3;1;2;2;4;4;3;1;1;2;1;3
Alexandre Raineau;left;LB;Ligue1;3;3;2;4;2;3;1;3;3;3;3;2;2;3;2;3;2;3;2;3;3;2;2;2;3;3;3;1;1;2;1;3
Famoussa Kone;right;ST;Ligue1;1;3;1;3;3;2;3;3;3;2;2;3;2;2;3;2;4;2;2;1;1;2;3;3;1;1;1;1;1;1;2;1
Florian Marange;left;LB;Ligue1;3;3;3;4;1;4;1;3;3;3;3;2;2;2;3;3;4;3;4;4;4;2;3;2;4;4;4;1;1;2;1;3
Cedric Cambon;right;CB;Ligue1;2;3;3;4;2;3;1;2;1;4;3;2;2;2;3;3;2;3;2;3;4;2;3;2;4;4;3;1;1;3;1;1
Olivier Sorlin;right;MC;Ligue1;4;3;3;4;3;4;4;4;4;4;4;2;1;3;4;2;4;3;4;4;4;4;4;4;4;4;4;1;1;1;2;1
Paul Reulet;right;GK;Ligue1;1;3;1;2;1;1;1;1;1;1;1;1;1;1;1;2;1;2;1;1;1;1;1;1;1;1;1;3;2;4;3;4
Alaeddine Yahia;right;CB;Ligue1;4;4;3;3;2;3;3;2;2;3;2;1;1;2;3;2;3;4;2;4;4;1;3;2;4;4;3;1;1;3;2;2
Ben Kantie Karamoko;right;CB;Ligue1;1;4;1;2;1;2;1;1;1;1;1;2;2;1;1;1;2;4;1;3;3;1;1;2;3;3;3;1;1;1;1;2
Quentin Cornette;right;ST;Ligue1;1;2;2;3;3;2;2;3;2;3;2;3;3;2;2;4;3;2;3;2;2;3;3;4;2;2;2;1;1;2;1;3
Nassim Badri;right;GK;Ligue1;1;3;1;2;1;1;1;1;1;1;1;1;1;1;1;2;1;2;1;1;1;1;1;1;1;1;1;3;2;4;3;4
David Oberhauser;right;GK;Ligue1;2;4;1;2;1;1;1;1;1;1;1;1;1;2;2;1;1;1;1;1;1;1;1;1;1;1;1;3;2;4;3;4
Yannick Cahuzac;right;MC;Ligue1;3;3;3;3;2;3;1;1;3;3;3;3;2;3;3;3;3;3;2;4;4;2;3;2;4;4;3;1;1;3;2;2
Ali Yirango;right;GK;Ligue1;1;3;1;2;1;1;1;1;1;1;1;1;1;1;1;2;1;2;1;1;1;1;1;1;1;1;1;3;2;4;3;4
Franck Signorino;left;LB;Ligue1;4;2;3;4;1;4;2;3;4;3;4;3;2;2;4;3;3;2;2;4;4;2;3;2;4;4;4;1;1;2;1;2
Alexander Djiku;right;RB;Ligue1;1;3;1;4;1;1;1;3;1;1;1;3;2;2;2;3;1;2;1;2;3;2;1;2;3;3;4;1;1;1;1;2
Mickael Tacalfred;right;CB;Ligue1;4;2;4;4;1;4;2;2;3;4;3;3;2;2;2;3;3;3;2;4;4;1;2;2;4;4;4;1;1;3;2;1
Malick Seck;right;ST;Ligue1;2;3;1;2;3;2;3;3;2;1;3;2;2;2;1;2;3;2;3;2;1;3;2;3;1;1;1;1;1;1;1;2
Julien Benhaim;right;CB;Ligue1;1;3;1;2;1;1;1;1;1;1;1;2;1;2;1;3;2;2;1;2;3;1;1;2;2;4;4;1;1;3;1;2
Pedrinho;right;RB;Ligue1;3;2;3;4;1;3;3;3;2;4;4;3;2;3;4;4;3;3;2;4;4;2;3;2;4;4;4;1;1;3;2;2
Jordan Boy;right;MC;Ligue1;1;4;1;3;2;3;1;3;2;4;2;2;1;2;2;2;3;2;2;3;3;2;3;2;3;3;3;1;1;1;1;2
Romain Achilli;right;LB;Ligue1;1;3;1;4;4;3;3;3;2;2;3;3;2;2;2;3;3;2;3;3;3;2;2;4;3;3;2;1;1;3;1;3
Najib Baouia;right;RM;Ligue1;1;1;1;4;2;3;2;3;3;3;3;3;2;2;2;4;3;2;1;1;1;3;3;2;2;3;3;1;1;2;2;1
Theo Pierrot;right;MC;Ligue1;1;4;1;3;2;3;2;3;2;3;3;3;2;2;2;2;3;3;2;3;3;2;2;2;3;3;3;1;1;3;1;3
Steven Harrison;left;ST;Ligue1;1;3;1;4;3;2;2;4;2;3;4;3;3;3;2;2;3;1;3;2;1;3;3;4;1;1;1;1;1;3;1;1
Nicolas Lemaitre;right;GK;Ligue1;1;3;1;2;1;1;1;1;1;1;1;1;1;1;1;1;1;1;1;1;1;1;1;1;1;1;1;3;2;4;3;4
Gregory Bourillon;right;MC;Ligue1;3;4;3;4;1;4;2;2;3;4;3;2;2;1;2;2;3;3;4;3;4;1;4;3;4;4;4;1;1;3;1;2
Johann Durand;right;GK;Ligue1;4;3;1;2;1;1;1;1;1;1;1;1;1;2;2;2;1;1;1;1;1;1;1;1;1;1;1;3;2;4;3;4
Kevin Lejeune;left;LM;Ligue1;3;3;3;4;2;4;2;3;4;4;3;3;2;3;3;2;3;2;3;2;1;3;4;4;2;2;2;1;1;3;1;3
Reynald Lemaitre;left;LB;Ligue1;3;2;3;4;2;3;3;3;3;3;3;3;2;3;3;3;3;3;3;3;4;1;3;3;4;4;4;1;1;2;2;3
Fabien Garcia;right;CB;Ligue1;1;3;1;4;1;2;1;2;2;2;2;3;2;2;2;2;2;1;1;2;3;2;1;1;3;4;3;1;1;3;2;1
Teddy Chaouche;right;MC;Ligue1;1;2;1;3;2;3;2;3;2;3;3;3;2;2;2;3;2;2;2;3;3;2;3;2;3;3;3;1;1;3;1;1
Paul Nardi;right;GK;Ligue2;1;4;3;2;1;1;1;1;1;1;1;2;1;1;4;2;1;2;1;1;1;1;1;1;1;1;1;4;3;4;3;4
Corentin Jean;right;ST;Ligue2;1;1;3;3;4;2;4;3;3;2;3;4;4;4;3;4;3;1;3;1;1;4;3;3;1;1;1;1;1;3;1;3
Kevin Malcuit;right;RM;Ligue2;1;3;3;4;4;3;3;4;2;3;4;4;4;4;2;3;3;3;2;2;3;3;3;2;3;4;3;1;1;2;1;2
Lionel Carole;left;LB;Ligue2;2;3;3;4;1;3;1;3;3;3;3;4;4;3;3;3;2;3;2;3;3;3;3;2;4;4;3;1;1;2;2;3
Wesley Said;right;LW;Ligue2;1;1;2;3;4;3;3;4;2;3;3;4;4;4;3;4;3;1;3;2;1;4;2;3;1;1;1;1;1;2;2;3
Jean-Charles Castelletto;right;CB;Ligue2;1;4;1;3;1;2;1;2;2;3;2;4;4;2;2;1;2;3;1;2;3;1;1;1;3;3;3;1;1;3;2;1
Jonathan Kodjia;right;ST;Ligue2;2;4;3;3;4;2;2;4;2;2;4;4;4;4;3;2;4;3;3;2;1;4;2;2;1;1;1;1;1;3;1;3
Idriss Saadi;right;ST;Ligue2;1;3;4;3;4;2;4;4;3;2;3;4;4;4;3;4;4;4;3;4;2;4;3;4;1;1;1;1;1;1;1;1
Duckens Nazon;right;ST;Ligue2;1;3;1;2;4;2;2;3;1;1;2;2;2;2;2;2;3;3;2;1;1;2;2;4;1;1;1;1;1;1;2;3
Jerome Junior Onguene;right;CB;Ligue2;1;4;1;2;1;1;1;1;1;1;1;3;1;1;2;1;2;3;1;2;3;1;1;2;3;3;3;1;1;2;2;2
Sehrou Guirassy;right;ST;Ligue2;1;4;1;2;4;3;2;4;3;2;3;3;3;3;1;3;3;3;3;2;1;3;3;2;1;1;1;1;1;2;2;1
William Remy;right;CB;Ligue2;2;3;3;2;1;2;1;1;1;2;2;4;4;2;1;2;3;4;1;4;3;1;1;1;4;4;3;1;1;1;1;2
Francois-Xavier Fumu Tamuzo;right;RW;Ligue2;1;3;2;3;3;2;2;3;2;2;3;4;4;4;2;3;3;2;2;1;2;3;2;2;1;1;1;1;1;3;1;3
Lionel Zouma;right;CB;Ligue2;1;4;2;2;1;2;1;1;1;2;2;3;3;2;2;1;2;3;1;3;3;1;1;1;4;4;3;1;1;3;2;3
Opa N'Guette;right;RM;Ligue2;1;3;3;4;4;3;3;4;3;3;3;4;4;4;3;2;4;3;3;2;1;4;3;4;1;1;1;1;1;1;1;3
Andy Delort;right;ST;Ligue2;1;3;3;4;4;2;4;4;1;2;4;4;3;3;2;2;4;3;3;3;1;4;3;3;1;1;1;1;1;2;1;2
Jordan Ikoko;right;RB;Ligue2;1;2;2;4;1;3;1;3;2;2;2;4;4;3;2;4;1;2;1;3;3;2;2;2;3;3;4;1;1;3;1;2
Lucas Tousart;right;MC;Ligue2;1;2;2;3;1;3;1;3;1;3;3;3;2;2;2;3;2;3;1;3;3;2;4;2;3;4;3;1;1;3;1;3
Junior Messi Enguene;right;MC;Ligue2;1;2;1;3;1;3;2;2;2;3;2;3;2;3;2;3;3;2;2;2;2;3;3;2;2;3;2;1;1;3;2;2
Karl Toko-Ekambi;right;ST;Ligue2;1;3;3;3;4;2;4;4;2;1;4;3;3;3;3;3;4;3;3;2;1;4;2;4;1;1;1;1;1;2;1;3
Remi Walter;left;MC;Ligue2;1;2;3;4;3;4;2;3;3;4;3;3;2;4;3;4;3;2;3;3;3;2;4;2;3;3;3;1;1;2;1;3
Alexandre Bonnet;left;LM;Ligue2;2;2;3;4;3;3;3;4;4;3;3;3;2;4;2;4;4;1;4;2;3;3;3;3;1;1;1;1;1;3;1;1
Djibril Konate;right;CB;Ligue2;4;4;2;4;1;2;1;1;1;2;2;2;1;1;1;1;4;4;2;3;3;1;2;2;3;3;3;1;1;2;2;3
Donovan Leon;right;GK;Ligue2;1;4;3;2;1;1;1;1;1;1;1;2;1;1;2;2;1;4;1;1;1;1;1;1;1;1;1;4;2;4;4;4
Adama Ba;right;ST;Ligue2;1;3;2;4;4;3;3;4;2;3;3;3;3;3;2;2;3;2;3;2;1;3;3;4;2;1;1;1;1;3;1;1
Youssef Adnane;right;ST;Ligue2;3;3;3;3;4;3;3;4;2;3;4;3;3;3;3;3;4;3;4;3;1;4;4;3;1;1;1;1;1;2;2;3
Pape Abdou Camara;right;MC;Ligue2;1;4;2;3;2;3;2;4;3;3;3;3;3;2;3;2;4;3;3;3;3;1;3;2;3;3;3;1;1;1;1;3
Yannis Mbombo;right;ST;Ligue2;1;3;2;3;4;2;3;3;2;2;3;4;4;3;2;3;3;2;3;1;1;3;2;3;1;1;1;1;1;2;2;1
Jimmy Cabot;right;LM;Ligue2;1;1;2;4;3;3;3;4;3;3;3;4;4;4;3;4;2;1;2;1;1;2;3;3;1;1;1;1;1;1;2;3
Billy Ketkeophomphone;right;RM;Ligue2;2;3;3;4;4;3;2;4;4;3;3;4;4;4;3;3;4;2;4;1;2;4;3;2;1;1;1;1;1;1;1;1
Mickael Le Bihan;right;ST;Ligue2;2;3;3;3;4;2;3;4;2;3;4;3;3;3;3;3;3;3;3;3;3;4;3;2;2;2;2;1;1;1;1;3
Anthony Koura;right;ST;Ligue2;1;3;2;3;4;2;3;3;2;2;3;4;4;4;3;4;3;2;3;2;1;3;2;2;1;1;1;1;1;3;2;1
Clement Lenglet;right;CB;Ligue2;1;4;2;2;1;2;1;1;1;3;2;2;2;1;1;2;2;3;1;4;4;1;1;2;4;3;3;1;1;1;2;1
Abdoulaye Diallo;right;GK;Ligue2;1;4;3;2;1;1;1;1;1;1;1;1;1;2;3;2;1;3;1;1;1;1;1;1;1;1;1;3;2;4;3;4
Roderic Filippi;right;CB;Ligue2;2;3;2;2;1;2;1;1;1;3;2;1;1;1;3;1;2;4;1;3;3;1;1;1;3;3;3;1;1;3;2;1
Johan Martial;right;CB;Ligue2;2;3;2;3;1;3;1;2;1;3;2;3;2;2;3;2;2;3;1;4;3;1;2;1;4;3;3;1;1;3;2;2
Ousseynou Cisse;left;MC;Ligue2;2;4;3;3;2;3;2;3;1;3;3;1;1;1;3;1;3;4;2;4;3;1;2;2;4;4;3;1;1;2;1;1
Jessy Pi;right;MC;Ligue2;1;3;2;3;1;4;2;2;2;4;3;3;3;3;3;3;3;2;2;3;3;2;3;3;3;3;3;1;1;3;2;2
Modou Diagne;right;CB;Ligue2;1;4;2;3;1;2;1;1;1;2;2;3;4;2;2;2;2;3;1;3;3;1;1;1;4;4;3;1;1;3;1;1
Ismael Keita;right;MC;Ligue2;2;3;2;3;2;3;2;3;2;3;3;3;3;3;3;3;4;3;3;4;4;1;3;2;3;4;3;1;1;2;1;2
Marcus Thuram;right;ST;Ligue2;1;4;1;2;3;2;2;3;1;1;2;3;2;3;1;1;2;3;2;2;1;3;3;3;1;1;1;1;1;3;1;3
Bocundji Ca;right;MC;Ligue2;2;2;2;3;1;3;2;3;2;4;3;3;2;3;3;4;2;3;1;4;3;1;3;1;3;4;3;1;1;2;2;2
Joan Hartock;right;GK;Ligue2;2;4;2;2;1;1;1;1;1;1;1;2;1;2;3;1;1;3;1;1;1;1;1;1;1;1;1;3;2;4;4;4
Gaetan Laborde;left;ST;Ligue2;1;3;2;4;4;2;4;3;3;2;3;3;3;4;3;2;3;3;3;3;1;3;3;3;2;1;1;1;1;1;2;1
Ismael Bennacer;right;CAM;Ligue2;1;2;1;3;2;2;2;3;3;2;3;3;3;3;2;4;3;1;1;1;1;2;3;2;1;1;1;1;1;2;2;3
Gaetan Courtet;right;ST;Ligue2;2;3;3;3;4;2;3;4;3;2;4;3;3;3;3;4;4;2;3;2;2;4;3;3;1;1;1;1;1;3;2;2
Cedric Hountondji;right;CB;Ligue2;1;4;2;3;1;3;1;2;2;3;2;2;2;2;2;1;2;3;1;3;3;1;1;2;3;4;3;1;1;2;2;3
Nicolas Senzemba;left;LB;Ligue2;1;3;1;3;1;2;1;2;2;2;2;3;3;4;1;4;2;2;1;2;3;2;2;2;3;3;3;1;1;3;2;3
Kevin Mayi;right;RW;Ligue2;1;3;2;4;4;2;3;4;2;1;3;4;4;3;2;3;2;2;2;2;1;3;3;3;1;1;1;1;1;1;2;1
Yohann Pele;right;GK;Ligue2;3;4;4;2;1;1;1;1;1;1;1;2;1;1;3;2;1;2;1;1;1;1;1;1;1;1;1;4;3;4;4;4
Romain Habran;right;RM;Ligue2;1;2;3;4;3;3;4;4;3;3;3;4;4;4;2;3;3;3;3;3;1;3;3;3;2;2;2;1;1;3;2;2
Nordi Mukiele;right;CB;Ligue2;1;4;1;2;1;2;1;1;1;1;1;3;2;1;2;2;2;3;1;2;3;1;1;2;3;3;3;1;1;3;1;3
Amos Youga;right;MC;Ligue2;1;4;3;2;1;3;1;2;3;3;2;2;2;2;3;1;2;4;2;4;4;2;2;1;4;4;3;1;1;2;1;1
Marcel Essombe;right;ST;Ligue2;2;4;2;3;4;2;3;3;2;2;2;4;4;3;2;2;3;4;3;3;1;3;3;3;1;1;1;1;1;1;1;3
Florian Martin;left;LM;Ligue2;2;3;3;4;4;4;3;4;4;4;4;3;3;3;1;3;4;3;3;2;1;3;3;2;1;2;1;1;1;3;2;2
Rafik Gerard;right;CAM;Ligue2;1;2;1;3;2;2;3;3;3;3;3;4;3;3;2;3;3;2;2;2;1;3;3;2;2;1;2;1;1;3;1;1
Ludovic Genest;right;CAM;Ligue2;2;2;2;4;4;3;4;3;2;2;3;4;3;4;4;4;4;2;3;2;2;3;3;4;1;1;1;1;1;3;2;2
Enzo Reale;right;MC;Ligue2;1;2;3;4;3;4;2;4;4;4;4;4;3;4;3;4;3;1;3;2;3;3;4;4;2;3;2;1;1;3;2;3
Gabriel Etinof;right;RW;Ligue2;1;1;1;3;3;2;2;3;2;2;2;3;2;2;1;4;3;1;2;1;1;2;3;3;1;2;1;1;1;2;1;1
Mamadou Niang;right;ST;Ligue2;4;3;3;4;4;3;3;3;4;3;3;3;3;3;2;3;4;3;3;3;1;4;4;4;1;1;1;1;1;2;1;1
Samuel Souprayen;left;LB;Ligue2;2;4;3;4;1;2;1;3;4;2;2;3;2;3;3;3;1;3;1;4;3;1;2;2;4;4;4;1;1;2;2;3
Corentin Jacob;right;MC;Ligue2;1;4;1;3;1;3;1;2;2;2;3;3;2;2;2;2;3;3;2;2;3;2;2;2;3;3;3;1;1;3;1;3
Ali M'Madi;right;ST;Ligue2;2;3;3;3;4;3;3;4;3;3;2;4;4;3;2;3;3;2;3;1;1;4;3;4;1;2;1;1;1;2;2;1
Lionel Cappone;right;GK;Ligue2;4;3;3;2;1;1;1;1;1;1;1;2;1;1;2;2;1;3;1;1;1;1;1;1;1;1;1;3;2;4;4;4
Samed Kilic;right;MC;Ligue2;1;3;1;3;2;3;2;3;2;3;3;2;2;2;3;3;3;2;2;3;2;3;4;2;3;3;3;1;1;1;2;2
Wilfried Moimbe;left;LB;Ligue2;2;2;3;4;2;3;2;3;2;3;3;4;4;3;4;4;2;2;2;3;3;2;3;3;4;3;3;1;1;3;2;1
Axel Ngando;left;CAM;Ligue2;1;2;3;3;3;3;3;4;3;3;4;4;2;3;2;4;4;1;4;1;2;3;4;3;1;2;1;1;1;2;1;3
Benoit Lesoimier;right;LM;Ligue2;3;2;3;4;3;3;4;3;4;4;3;3;3;3;3;4;3;2;3;2;3;4;4;3;2;4;1;1;1;3;1;2
Christian Bekamenga;right;ST;Ligue2;3;4;3;3;4;3;3;3;3;2;3;3;3;3;3;2;4;4;3;2;2;4;4;2;1;1;1;1;1;3;2;3
Garry Bocaly;right;RB;Ligue2;2;3;3;4;2;4;1;3;3;4;4;4;3;3;3;2;3;3;3;3;4;4;3;3;4;4;4;1;1;3;1;3
Souleymane Sawadogo;right;RW;Ligue2;1;1;2;3;3;2;2;4;2;1;4;4;4;4;2;4;3;1;2;1;1;3;3;4;1;1;1;1;1;1;2;2
Loic Puyo;left;LM;Ligue2;2;3;2;4;2;3;2;3;3;3;3;2;2;4;3;3;3;2;2;3;2;2;3;2;3;4;3;1;1;1;1;2
Frederic Piquionne;right;ST;Ligue2;4;4;2;3;3;3;3;3;3;3;4;3;1;2;2;1;4;3;4;2;1;3;4;3;1;2;1;1;1;1;2;3
Romain Thomas;left;CB;Ligue2;2;4;3;3;1;3;1;1;2;3;2;2;2;2;3;2;3;4;1;3;4;1;2;2;4;4;3;1;1;2;2;2
Pierrick Rakotoharisoa;right;CAM;Ligue2;2;2;1;4;2;3;2;3;1;3;3;4;4;4;1;4;2;1;2;1;2;2;3;1;1;1;1;1;1;3;2;2
Geoffrey Malfleury;right;ST;Ligue2;2;1;3;3;4;3;3;4;2;2;3;3;4;4;3;4;4;3;3;1;1;4;2;4;1;1;1;1;1;3;1;3
Vincent Muratori;left;LB;Ligue2;2;3;3;4;1;2;1;2;2;3;3;3;3;3;4;2;1;3;1;4;3;2;2;2;4;3;4;1;1;2;1;3
Julio Tavares;right;ST;Ligue2;2;4;3;2;4;2;3;3;2;1;3;3;3;4;3;2;4;4;3;2;1;4;3;4;1;1;1;1;1;3;2;1
Arnaud Lusamba;right;MC;Ligue2;1;3;2;4;3;3;2;3;3;3;2;3;2;2;2;3;3;2;3;3;3;3;3;2;4;4;3;1;1;3;1;2
Jerome Roussillon;left;LB;Ligue2;1;3;3;4;1;3;1;3;3;3;3;3;3;3;3;3;1;2;1;3;4;2;2;2;4;4;4;1;1;3;1;3
Rincon;right;CB;Ligue2;2;4;4;3;1;3;1;2;1;2;2;2;1;1;4;1;3;3;2;3;4;1;2;1;4;4;4;1;1;3;1;2
Maxime Le Marchand;left;CB;Ligue2;2;4;3;3;1;3;2;1;2;3;2;3;3;2;2;3;1;3;1;3;4;1;2;2;4;4;3;1;1;3;1;3
Stefan Milosavljevic;right;GK;Ligue2;1;4;1;2;1;1;1;1;1;1;1;1;1;1;2;2;1;1;1;1;1;1;1;1;1;1;1;3;2;4;3;4
Baptiste Santamaria;right;MC;Ligue2;1;2;2;3;2;3;1;3;2;4;4;3;2;3;2;3;3;2;2;3;3;2;4;2;3;3;3;1;1;3;1;1
Christian Kouakou;right;LW;Ligue2;2;3;3;4;4;2;3;3;1;1;4;4;4;4;2;2;3;3;3;2;2;3;2;3;1;1;1;1;1;3;2;2
Mahamadou N'Diaye;left;CB;Ligue2;2;4;3;3;1;2;1;1;1;2;2;2;2;2;3;3;3;3;1;4;4;1;3;1;4;4;3;1;1;1;1;1
Jonathan Rivas;right;ST;Ligue2;1;3;1;2;4;2;2;2;2;1;2;3;2;2;1;2;3;3;2;2;1;2;2;3;1;1;1;1;1;3;1;3
Adrien Pagerie;left;LB;Ligue2;1;3;1;4;1;2;1;3;1;1;3;3;2;2;1;3;1;2;1;3;3;2;1;1;3;4;3;1;1;2;2;1
Ibrahim Amadou;right;MC;Ligue2;1;3;2;3;1;3;1;1;1;3;3;4;4;1;3;2;3;3;2;3;4;1;2;2;4;4;3;1;1;2;2;3
Pessalli;right;RM;Ligue2;2;3;2;4;3;3;2;3;3;3;3;3;2;4;2;3;4;2;4;1;2;3;4;2;1;1;1;1;1;2;1;3
Mamadou Diallo;right;ST;Ligue2;4;3;2;4;3;3;3;3;3;1;4;3;2;3;2;3;3;3;2;1;2;3;3;3;1;1;1;1;1;2;2;2
Gael Givet;left;CB;Ligue2;4;3;2;2;1;2;1;1;1;3;2;1;1;1;3;3;2;3;1;3;4;1;2;2;4;4;3;1;1;3;1;1
Mana Dembele;right;ST;Ligue2;2;3;3;4;4;2;4;3;3;2;3;4;4;4;3;3;4;2;3;1;1;4;2;3;1;1;1;1;1;1;1;3
Romain Amalfitano;right;CAM;Ligue2;2;2;3;4;3;3;2;4;3;3;4;3;2;3;3;3;2;1;2;3;3;4;4;3;2;2;1;1;1;3;1;2
Hugo Rodriguez;right;MC;Ligue2;2;2;2;3;1;3;2;3;2;3;3;3;2;3;3;4;3;1;2;2;3;3;4;3;2;3;2;1;1;2;1;1
Gaetan Belaud;right;RB;Ligue2;2;2;3;4;2;3;2;3;4;2;3;3;3;4;3;3;2;3;3;3;3;3;3;2;3;4;3;1;1;3;2;1
Benjamin Nivet;right;CAM;Ligue2;4;3;3;4;4;4;3;4;4;4;4;2;2;2;3;3;4;2;4;2;3;3;4;4;3;3;2;1;1;1;2;1
Michael Jordan Nkololo;right;CAM;Ligue2;1;3;2;3;3;3;3;3;2;2;3;4;4;4;3;2;4;1;3;1;1;3;2;4;1;1;1;1;1;3;2;1
Kenny Lala;right;RB;Ligue2;1;3;2;4;2;3;1;3;1;3;3;3;3;3;3;3;2;3;1;4;3;2;2;2;3;4;3;1;1;1;1;3
Panagiotis Vlachodimos;right;LM;Ligue2;1;3;3;4;3;3;3;4;3;3;4;3;3;3;3;2;3;2;3;2;1;3;4;3;1;1;1;1;1;2;2;2
Ludovic Ribeiro;right;LM;Ligue2;2;1;2;4;3;3;2;3;3;3;3;4;4;4;3;4;3;1;3;2;1;3;2;2;1;1;1;1;1;3;2;1
Mory Kone;right;CB;Ligue2;1;4;1;2;1;1;1;2;1;1;2;2;3;2;1;1;1;4;1;2;3;2;2;1;3;4;3;1;1;2;1;3
Joseph Lopy;right;MC;Ligue2;1;3;3;3;1;3;1;3;2;4;3;3;2;3;3;2;3;3;2;4;4;2;3;3;4;4;3;1;1;2;1;2
Alexandre Alphonse;right;ST;Ligue2;4;2;2;4;4;3;4;4;3;2;4;4;3;4;3;4;4;2;3;2;1;3;3;4;1;1;1;1;1;3;2;3
Haykeul Chikhaoui;right;MC;Ligue2;1;2;1;4;3;3;3;4;3;3;4;2;2;3;2;4;4;2;2;2;2;2;4;3;2;2;2;1;1;1;2;1
Ibrahima Seck;right;MC;Ligue2;2;4;2;3;1;2;1;2;1;2;2;2;1;1;4;1;4;4;1;4;4;1;2;2;4;4;3;1;1;1;1;3
Chaouki Ben Saada;left;CAM;Ligue2;3;1;2;4;3;3;3;3;4;3;3;3;3;4;2;4;3;1;3;2;2;3;4;3;2;2;1;1;1;3;1;3
Angelo Fulgini;right;RB;Ligue2;1;4;2;4;2;3;2;3;3;3;3;3;2;3;2;2;2;3;2;3;3;2;3;2;3;4;3;1;1;2;2;3
Pierre-Yves Polomat;left;LB;Ligue2;1;3;2;4;1;2;1;3;2;3;3;3;3;2;3;3;2;3;2;3;3;2;2;2;3;3;3;1;1;2;2;3
Julien Laporte;right;CB;Ligue2;1;4;1;2;1;1;1;1;1;1;1;3;2;1;1;2;1;3;1;3;3;1;1;1;3;4;3;1;1;3;2;3
Junior Joachim;right;ST;Ligue2;1;3;1;3;4;1;2;2;2;1;2;3;2;3;1;2;3;2;3;1;1;2;3;3;1;1;1;1;1;2;2;1
Saliou Ciss;left;LB;Ligue2;2;2;2;4;2;3;3;3;3;3;3;4;3;3;3;4;3;3;2;3;3;3;2;1;3;3;3;1;1;1;1;3
Seydou Kone;right;ST;Ligue2;3;3;3;3;4;2;3;4;3;2;4;3;2;2;2;3;3;3;2;2;1;4;3;3;1;1;1;1;1;3;1;1
Ben Sangare;right;RM;Ligue2;2;2;2;3;3;2;2;4;2;2;3;4;4;4;3;3;2;1;2;2;1;3;2;3;1;1;1;1;1;2;2;1
Terence Makengo;right;ST;Ligue2;1;3;2;2;4;1;2;3;2;1;2;4;4;4;2;3;3;2;3;1;1;3;2;3;1;1;1;1;1;1;2;3
Thomas Ayasse;right;MC;Ligue2;2;3;3;4;2;4;2;2;4;4;3;3;2;2;3;2;3;3;3;3;3;3;4;2;3;4;3;1;1;3;1;3
Abdoulaye Bamba;right;RB;Ligue2;2;3;3;4;1;3;2;2;3;3;3;4;3;4;3;2;2;3;2;3;3;1;3;1;3;4;3;1;1;1;1;1
Cheick Diarra;right;ST;Ligue2;1;2;2;3;4;2;2;4;3;2;3;4;3;3;3;3;4;3;4;2;2;3;2;3;1;1;1;1;1;3;1;3
Khaled Ayari;right;ST;Ligue2;2;3;2;3;4;2;4;3;2;1;3;3;2;3;2;4;4;3;3;1;1;3;3;4;1;1;1;1;1;2;1;2
Yohann Riviere;left;ST;Ligue2;3;4;2;2;4;2;3;2;2;3;3;2;2;3;3;2;4;4;3;1;1;3;2;4;1;1;1;1;1;1;1;3
Henri Bienvenu;right;ST;Ligue2;2;3;2;3;4;3;3;3;3;3;3;4;3;2;2;2;4;2;3;2;2;4;3;3;2;2;2;1;1;2;1;2
Adrien Hunou;right;LM;Ligue2;1;3;2;3;3;3;3;4;3;3;4;3;3;3;2;3;3;1;3;2;1;3;4;2;2;2;1;1;1;3;1;1
Kevin Perrot;right;RB;Ligue2;2;1;2;4;1;2;1;2;1;3;3;3;2;3;3;4;2;2;1;2;3;2;3;2;3;3;3;1;1;2;1;2
Chahir Belghazouani;right;RM;Ligue2;2;3;3;4;3;3;3;4;3;3;4;4;3;4;2;3;3;2;3;3;2;3;3;3;1;2;1;1;1;1;1;3
Nasser Chamed;right;RM;Ligue2;1;2;2;3;3;3;3;4;4;3;3;4;3;4;2;4;4;2;3;2;1;4;4;2;2;2;2;1;1;1;1;3
Paul Delecroix;right;GK;Ligue2;2;3;3;2;1;1;1;1;1;1;1;1;1;1;3;2;1;2;1;2;1;1;1;1;1;1;1;4;3;4;4;4
Kevin Rodrigues;left;LM;Ligue2;1;1;2;4;2;2;2;4;3;3;4;3;2;3;1;4;2;1;2;1;1;3;3;3;1;1;1;1;1;2;2;3
Lossemy Karaboue;right;RM;Ligue2;2;2;2;4;4;2;3;3;3;3;4;4;3;4;2;4;4;3;4;2;2;3;3;3;1;1;1;1;1;3;1;3
Florian Tardieu;right;MC;Ligue2;1;2;2;3;4;3;2;3;2;3;3;2;2;2;3;3;3;2;3;3;3;2;3;2;3;3;3;1;1;2;1;3
Joel Sami;right;CB;Ligue2;3;4;3;3;2;3;1;2;2;4;2;1;1;1;3;1;3;4;2;3;3;1;2;2;4;4;3;1;1;3;1;3
Ahmed Issa Koro Kone;right;ST;Ligue2;2;3;2;3;4;2;3;4;3;2;2;4;4;4;4;4;3;2;2;1;1;2;3;3;1;1;1;1;1;1;2;2
Samir Benmeziane;right;ST;Ligue2;2;4;1;2;4;2;3;2;1;1;2;2;1;2;1;2;3;4;3;2;1;2;2;3;1;1;1;1;1;3;1;1
Marvin Diop;right;CAM;Ligue2;1;3;2;4;4;3;3;3;3;4;3;4;4;3;2;4;4;3;4;3;1;3;3;3;1;1;1;1;1;3;1;3
Bagaliy Dabo;right;LM;Ligue2;2;3;2;3;3;3;3;4;2;3;3;3;4;3;3;3;3;2;3;1;1;4;2;2;1;1;1;1;1;1;2;3
Stephane Darbion;left;RM;Ligue2;3;3;3;4;4;3;3;3;4;3;4;2;2;3;3;2;4;3;4;2;2;3;3;3;2;3;2;1;1;1;2;1
Amara Baby;left;LM;Ligue2;2;3;2;4;3;3;1;3;3;2;3;4;4;3;2;2;3;3;2;1;2;4;3;3;3;3;3;1;1;3;1;1
Pape Paye;right;RB;Ligue2;2;1;2;3;1;3;1;2;1;3;3;4;4;4;3;4;3;2;1;3;4;2;2;2;4;4;3;1;1;2;2;3
Moussa Sao;left;RM;Ligue2;2;3;2;3;3;2;3;4;3;2;3;4;4;4;3;2;3;3;2;1;1;3;3;4;1;1;1;1;1;1;1;2
Denys Bain;right;CB;Ligue2;1;3;2;2;1;2;1;1;2;2;2;3;3;1;2;2;2;3;1;3;3;1;2;1;3;4;3;1;1;1;2;1
Sebastien Puygrenier;right;CB;Ligue2;4;4;4;2;2;2;1;2;2;3;2;2;1;1;3;1;3;4;3;4;4;2;2;3;4;4;4;1;1;1;1;1
Issam Chebake;right;RB;Ligue2;2;2;1;4;2;2;1;2;1;2;2;3;3;3;3;3;2;2;2;3;3;2;2;2;3;3;3;1;1;3;1;2
Mathieu Michel;right;GK;Ligue2;1;4;3;2;1;1;1;1;1;1;1;2;1;1;2;2;1;2;1;1;1;1;1;1;1;1;1;3;3;4;4;4
Distel Zola;right;MC;Ligue2;2;3;2;3;1;3;1;2;2;3;3;3;2;3;3;2;1;3;1;3;4;2;4;2;3;3;3;1;1;3;1;2
Guillaume Lacour;right;MC;Ligue2;4;2;2;4;2;4;3;4;3;4;4;2;1;3;3;4;4;3;3;3;3;2;3;4;2;4;4;1;1;3;2;3
Thibault Moulin;right;MC;Ligue2;2;2;2;4;3;3;2;3;3;3;3;3;2;4;2;4;3;2;4;3;3;3;3;2;3;3;3;1;1;3;1;1
Pierrick Capelle;left;MC;Ligue2;2;3;2;4;4;3;3;3;3;3;3;4;3;4;3;3;4;2;3;3;3;3;3;3;3;3;3;1;1;3;1;3
Emeric Dudouit;right;MC;Ligue2;1;4;1;3;1;2;1;1;1;3;2;2;1;2;2;2;1;3;1;3;2;3;2;2;3;3;3;1;1;2;1;3
Deniz Hummet;right;ST;Ligue2;1;4;1;2;4;2;2;2;2;1;2;2;2;2;2;2;4;3;2;1;1;3;2;3;1;1;1;1;1;3;2;1
Vincent Gragnic;right;CAM;Ligue2;3;3;3;4;4;3;4;4;3;4;4;2;1;3;2;3;3;2;3;2;3;3;4;4;1;2;1;1;1;3;1;3
Cesar Zeoula;right;RW;Ligue2;2;2;1;3;2;2;2;3;4;3;4;4;3;4;2;4;3;1;3;2;1;2;3;2;2;2;2;1;1;1;2;3
Jonathan Martins Pereira;right;RB;Ligue2;3;3;3;4;2;4;2;4;3;4;4;3;3;3;2;3;3;3;3;4;4;3;3;2;4;4;4;1;1;1;2;3
Frederic Sammaritano;right;LW;Ligue2;3;1;3;4;4;3;3;4;3;3;4;3;3;4;4;4;3;2;3;2;1;3;3;3;1;1;1;1;1;2;1;3
Ziri Hammar;right;ST;Ligue2;1;3;2;4;3;3;3;4;2;4;3;3;3;4;3;2;4;2;3;3;1;3;3;3;1;1;1;1;1;3;1;3
Alexandre Letellier;right;GK;Ligue2;2;4;2;2;1;1;1;1;1;1;1;1;1;1;3;1;1;3;1;1;1;1;1;1;1;1;1;3;2;4;3;4
Yoann Barbet;left;CB;Ligue2;1;4;2;3;1;3;2;3;1;4;3;3;3;2;2;2;3;3;3;3;3;1;3;2;4;4;4;1;1;1;1;3
Hugo Videmont;right;RM;Ligue2;1;2;2;4;4;3;3;4;3;3;3;4;4;4;1;4;4;2;3;3;1;2;3;2;1;1;1;1;1;3;1;3
Larsen Toure;right;ST;Ligue2;3;3;2;4;3;2;2;3;3;2;3;4;4;3;2;3;4;3;3;3;2;4;2;4;1;1;1;1;1;1;2;1
Mame Ousmane Cissokho;left;LW;Ligue2;2;2;3;4;3;3;1;3;4;3;3;4;3;3;3;2;1;3;2;3;2;4;4;3;2;1;1;1;1;1;2;3
Brandon Agounon;right;MC;Ligue2;1;3;1;3;3;3;2;3;2;4;3;3;2;3;2;3;3;2;2;1;3;2;4;2;3;3;2;1;1;3;1;2
Herve Mombela;right;CB;Ligue2;1;4;1;2;1;2;1;2;1;2;2;3;2;2;2;2;2;2;1;2;3;1;2;2;3;3;3;1;1;3;2;3
Thomas Guerbert;right;MC;Ligue2;2;2;3;4;4;3;3;3;4;4;4;4;3;4;3;4;3;3;3;2;3;3;4;4;2;2;2;1;1;2;2;3
Alexis Thebaux;right;GK;Ligue2;3;4;4;2;1;1;1;1;1;1;1;1;1;2;4;2;1;2;1;1;1;1;1;1;1;1;1;3;3;4;4;4
Steven Fortes;right;CB;Ligue2;1;4;2;3;2;3;1;1;1;3;2;2;2;2;1;1;1;4;3;3;3;1;2;1;3;3;3;1;1;1;2;1
Paul Arnold Garita;right;ST;Ligue2;1;4;1;3;3;2;3;3;2;2;3;3;3;2;1;1;3;4;3;2;1;3;2;3;2;1;1;1;1;3;2;2
Jerome Leroy;right;CAM;Ligue2;4;4;2;4;3;4;4;3;4;4;3;2;1;2;2;2;4;2;2;2;2;3;4;4;1;1;1;1;1;2;1;1
Maxime Bourgeois;right;LW;Ligue2;2;3;2;4;3;3;2;3;3;2;3;4;3;4;2;2;3;2;2;1;2;3;3;2;1;1;1;1;1;3;1;3
Sidi Fofana;right;RB;Ligue2;1;4;1;3;1;2;1;2;1;2;2;2;1;2;3;2;1;3;1;3;3;2;1;1;3;3;3;1;1;2;1;3
Bruno Grougi;right;CAM;Ligue2;3;2;3;4;4;4;3;3;4;4;4;3;2;3;3;4;4;2;4;3;3;3;4;4;2;3;1;1;1;1;1;3
Marco Da Silva;right;MC;Ligue2;1;3;1;3;1;3;1;3;2;3;3;2;1;2;1;2;3;3;2;2;3;2;3;3;3;3;2;1;1;1;1;1
Julien Faussurier;right;RB;Ligue2;2;2;3;4;2;3;2;2;3;4;3;3;2;3;3;3;2;3;3;4;3;3;4;3;3;3;3;1;1;2;2;1
Xavier Chavalerin;left;MC;Ligue2;2;2;2;4;3;4;3;3;3;4;3;3;3;2;2;3;4;1;3;2;2;3;4;3;2;2;1;1;1;1;2;1
Mathieu Lafon;right;MC;Ligue2;3;1;2;4;3;3;3;3;3;4;3;3;2;3;3;4;3;2;3;2;3;3;4;2;3;3;2;1;1;3;1;2
Babacar Gueye;right;ST;Ligue2;1;4;1;2;3;2;2;2;1;1;2;2;2;2;2;2;3;2;2;1;1;2;2;3;1;1;1;1;1;1;1;1
Thiago Xavier;right;MC;Ligue2;3;3;2;3;2;3;2;2;2;3;3;2;1;2;2;2;3;3;3;3;3;2;3;3;3;3;3;1;1;2;2;1
Djiman Koukou;right;MC;Ligue2;2;4;2;3;2;3;1;2;2;3;3;2;2;2;2;2;3;3;2;3;3;1;4;3;3;4;3;1;1;3;1;3
Ismael Traore;right;CB;Ligue2;2;4;2;3;1;2;1;1;2;3;3;2;2;2;3;2;2;4;2;4;3;1;2;2;4;4;3;1;1;3;1;3
David Ducourtioux;right;MC;Ligue2;4;2;3;4;2;3;3;3;2;4;3;3;2;2;3;3;4;2;4;3;4;3;3;3;4;4;4;1;1;2;2;1
Boris Mahon de Monaghan;right;RB;Ligue2;3;2;1;4;1;2;1;3;1;1;3;3;2;2;2;3;1;2;1;3;3;2;2;1;3;3;3;1;1;2;2;2
Olivier Auriac;right;MC;Ligue2;3;2;2;3;2;4;2;3;3;3;3;2;2;4;3;4;3;2;3;3;3;3;4;3;3;3;2;1;1;1;2;3
Wilfried Domoraud;left;LM;Ligue2;2;3;2;4;4;3;3;3;3;3;3;4;4;3;2;4;4;4;3;3;1;3;3;2;1;1;1;1;1;1;2;2
William Sea;right;ST;Ligue2;1;2;1;2;3;2;2;3;1;1;3;4;3;3;2;3;3;2;3;2;1;3;3;3;1;1;1;1;1;3;1;3
Anthony Lippini;right;RB;Ligue2;2;2;2;4;1;2;1;2;1;3;2;3;2;3;2;4;3;3;2;4;3;2;2;2;4;4;3;1;1;1;1;2
Ibrahima Tandia;right;RM;Ligue2;1;3;2;3;3;3;2;4;3;3;4;3;3;3;2;3;3;2;2;2;1;2;3;2;2;2;2;1;1;3;1;1
Birama Toure;right;MC;Ligue2;1;3;3;4;2;4;1;3;3;4;3;2;1;2;3;2;3;3;3;4;4;1;3;2;4;4;3;1;1;1;1;1
Rodolphe Roche;right;GK;Ligue2;4;4;2;2;1;1;1;1;1;1;1;1;1;1;3;2;1;1;1;1;1;1;1;1;1;1;1;3;2;4;3;4
Anthony Scribe;right;GK;Ligue2;2;4;1;2;1;1;1;1;1;2;1;1;1;1;2;2;1;2;1;1;1;1;1;1;1;1;1;3;2;4;3;4
Raphael Caceres;right;ST;Ligue2;2;4;3;4;4;3;3;4;2;3;3;3;2;3;3;2;4;4;3;3;1;4;3;3;1;1;1;1;1;2;2;3
Quentin Othon;left;MC;Ligue2;2;1;3;4;1;4;2;3;2;4;3;3;2;3;3;4;3;2;3;3;4;2;2;3;3;4;3;1;1;2;1;3
Ibrahima Diallo;left;LB;Ligue2;3;3;1;3;1;2;1;3;1;2;2;3;3;3;3;4;3;2;2;3;3;3;3;2;3;3;3;1;1;1;1;3
Fousseyni Cisse;right;ST;Ligue2;2;4;1;3;3;2;2;3;2;1;2;3;2;1;1;1;3;2;2;2;1;3;2;2;1;1;1;1;1;2;2;1
Mickael Leca;right;CB;Ligue2;1;4;2;3;1;2;1;1;1;3;1;3;3;2;2;3;2;3;1;3;4;1;1;2;4;4;3;1;1;2;2;2
Eugene Ekobo;right;MC;Ligue2;4;3;2;3;2;3;2;2;2;3;3;2;1;2;1;2;3;4;2;3;3;1;3;2;4;4;2;1;1;1;1;2
Alexandre Cuvillier;left;LM;Ligue2;3;3;3;4;3;3;3;4;4;4;4;3;3;3;3;3;3;3;3;2;2;3;4;2;1;2;1;1;1;2;2;3
Remi Mulumba;right;MC;Ligue2;1;3;2;3;3;3;2;3;1;3;3;3;2;2;3;3;3;3;3;2;4;3;3;3;2;3;2;1;1;3;1;3
Harrison Manzala;right;RM;Ligue2;1;2;1;3;3;2;1;4;2;2;2;4;4;4;2;3;4;2;3;3;2;4;2;2;2;2;2;1;1;1;2;2
Ousmane N'Diaye;right;CB;Ligue2;1;4;2;3;1;2;1;1;1;2;1;3;3;2;2;2;2;4;1;4;3;1;1;2;3;4;3;1;1;2;2;2
Yoann Court;left;LM;Ligue2;2;2;3;4;3;4;1;3;4;3;3;4;3;4;3;4;4;2;3;2;2;2;3;2;1;2;2;1;1;1;2;3
Livio Nabab;right;ST;Ligue2;2;4;3;4;4;3;3;3;3;3;4;4;4;4;3;3;4;2;3;2;2;3;3;3;1;1;1;1;1;3;2;3
Cedric Goncalves;right;MC;Ligue2;1;2;1;4;2;4;2;3;2;4;2;3;2;2;2;4;3;1;1;1;3;2;4;2;3;2;2;1;1;2;2;3
Romain Saiss;left;MC;Ligue2;2;4;2;3;1;3;1;2;2;3;3;3;2;2;2;1;2;3;1;4;3;2;2;2;4;4;3;1;1;1;1;1
Mohamed Slim Ben Othman;left;LM;Ligue2;2;3;2;4;3;3;3;4;3;3;3;3;2;3;2;2;3;2;3;1;1;3;3;2;1;1;1;1;1;3;2;3
Denis Petric;right;GK;Ligue2;2;4;3;2;1;1;1;1;1;1;1;1;1;1;3;1;1;2;1;1;1;1;1;1;1;1;1;3;3;4;4;4
Hugo Boumous;right;CAM;Ligue2;1;2;1;3;2;2;2;3;2;2;2;4;3;4;2;4;3;2;2;2;2;2;2;2;2;2;2;1;1;2;2;3
Jean-Jacques Pierre;right;CB;Ligue2;4;3;2;2;1;2;1;2;1;2;3;1;1;1;2;2;2;3;1;3;3;1;2;2;4;4;3;1;1;3;1;1
Cyrille Merville;right;GK;Ligue2;4;3;3;2;1;1;1;1;1;1;1;1;1;2;3;1;1;2;1;1;1;1;1;1;1;1;1;3;3;4;4;4
Thomas Dasquet;right;CB;Ligue2;1;3;1;2;1;2;1;2;1;1;1;2;2;1;1;3;1;1;1;2;3;1;1;1;3;3;3;1;1;3;2;1
Nicolas Fauvergue;right;ST;Ligue2;3;4;2;3;4;3;3;3;3;3;3;1;1;2;3;1;4;4;3;2;1;3;3;3;2;1;1;1;1;2;2;1
Yann Kerboriou;right;GK;Ligue2;2;4;2;2;1;1;1;1;1;1;1;2;1;1;2;1;1;2;1;1;1;1;1;1;1;1;1;3;3;4;3;4
Haris Belkebla;right;MC;Ligue2;1;2;2;3;3;3;2;3;3;4;3;3;3;2;3;3;3;1;2;2;3;2;3;2;3;3;3;1;1;3;2;3
Nicolas Gavory;right;RM;Ligue2;1;3;1;3;2;3;2;3;2;3;3;3;3;3;2;2;2;2;1;2;1;2;4;2;2;2;2;1;1;1;1;3
Frederic Bong;right;CB;Ligue2;2;4;2;2;1;2;1;1;1;3;1;2;2;1;1;2;1;4;1;2;3;1;1;1;4;4;3;1;1;3;1;1
Stephane Tritz;right;RB;Ligue2;2;2;2;4;1;3;2;2;2;2;2;3;2;2;3;3;2;2;1;3;3;1;1;2;3;3;3;1;1;1;1;1
Baptiste Reynet;right;GK;Ligue2;2;4;3;2;1;1;1;1;1;1;1;1;1;1;4;1;2;3;1;1;1;1;1;1;1;1;1;4;2;4;4;4
Abdoul Razzagui Camara;left;LM;Ligue2;2;3;3;4;4;3;3;4;4;3;4;4;4;3;2;3;4;3;4;3;1;3;4;2;1;1;1;1;1;3;2;3
Jules Goda;right;GK;Ligue2;2;4;1;2;1;1;1;1;1;1;1;2;1;1;2;1;1;2;1;1;1;1;1;1;1;1;1;3;3;4;3;4
Florian Pinteaux;left;LB;Ligue2;1;3;1;4;1;2;1;2;2;3;2;3;3;3;2;2;2;2;2;2;3;2;2;3;3;3;3;1;1;2;1;2
Mehdi Jeannin;right;GK;Ligue2;2;4;2;2;1;1;1;1;1;1;1;2;1;1;2;2;1;2;1;1;1;1;1;1;1;1;1;3;2;4;4;4
Jean-Luc Dompe Diarra;right;RW;Ligue2;1;2;2;4;3;3;2;4;3;3;3;4;4;3;3;3;3;2;3;2;2;3;2;3;1;2;2;1;1;1;1;2
Bryan Pele;left;LM;Ligue2;1;1;3;4;3;3;2;4;3;3;3;3;3;3;3;4;3;1;2;1;2;4;4;4;2;2;1;1;1;1;2;2
Marvin Esor;right;RB;Ligue2;2;3;2;4;2;3;1;2;2;3;3;3;3;3;3;2;2;3;2;3;3;2;3;2;3;3;3;1;1;2;1;2
Modeste M'Bami;right;MC;Ligue2;3;3;3;3;2;3;2;3;1;3;3;2;1;3;3;3;4;4;2;4;3;3;3;3;3;4;3;1;1;3;1;3
Florian Fabre;right;MC;Ligue2;2;2;1;3;2;4;2;3;3;4;2;2;2;3;2;4;3;3;2;3;2;2;3;2;4;3;2;1;1;1;2;1
Abdoul Aziz Kabore;right;MC;Ligue2;1;3;1;4;3;3;2;3;2;3;3;3;2;2;3;3;3;2;2;3;3;3;3;2;3;3;3;1;1;1;2;2
Sigamary Diarra;left;LM;Ligue2;3;2;3;4;3;3;3;3;4;3;3;4;4;3;3;4;3;2;3;2;2;3;4;2;2;2;2;1;1;1;2;1
Pape Abou Cisse;right;CB;Ligue2;1;4;1;2;1;1;1;1;1;1;1;3;2;1;2;1;2;3;1;3;3;1;1;1;2;3;3;1;1;1;2;3
Gary Coulibaly;right;MC;Ligue2;3;3;2;4;3;4;2;3;3;4;3;3;3;3;3;2;3;3;3;3;4;2;4;3;3;4;3;1;1;1;1;2
Fabien Barrillon;right;CB;Ligue2;2;3;2;2;2;3;1;2;1;4;3;2;2;2;3;2;2;3;1;3;3;2;2;3;4;4;3;1;1;1;2;1
Flavien Tait;left;CAM;Ligue2;1;2;2;4;3;3;2;4;2;3;3;4;3;2;3;3;3;1;3;1;1;3;4;2;1;2;1;1;1;3;1;1
Grenddy Perozo;left;CB;Ligue2;3;3;2;3;2;3;1;3;1;3;3;4;3;3;2;2;1;3;1;4;3;1;2;2;3;3;3;1;1;2;2;3
Zakaria Diallo;right;CB;Ligue2;2;4;2;3;2;2;1;2;3;2;2;2;1;1;3;1;2;4;2;4;3;2;2;2;4;3;3;1;1;2;1;3
Loic Nestor;right;CB;Ligue2;2;3;2;3;2;3;2;2;1;3;2;3;3;2;2;3;2;3;2;3;3;2;2;2;3;3;3;1;1;2;2;3
Jimmy Roye;right;CAM;Ligue2;2;2;2;4;4;4;3;3;4;4;4;3;2;3;2;4;2;2;3;3;2;3;4;3;2;3;2;1;1;3;1;3
Louis Poggi;right;RM;Ligue2;3;2;3;4;2;3;3;4;2;3;3;4;3;4;4;4;3;3;2;4;3;3;3;2;3;3;3;1;1;2;1;1
Luigi Glombard;right;ST;Ligue2;3;3;2;4;3;3;3;4;3;2;4;3;3;3;3;3;4;4;3;2;1;3;4;2;1;1;1;1;1;1;2;3
Thomas Mangani;left;MC;Ligue2;2;3;3;4;2;4;1;3;2;4;4;3;2;3;3;2;4;3;3;3;4;3;4;3;3;4;3;1;1;1;2;3
Joseph Mendes;right;ST;Ligue2;2;4;1;3;4;2;3;3;3;2;3;3;2;3;1;2;3;2;3;2;2;2;2;3;1;1;1;1;1;1;1;2
Jean-Pascal Mignot;left;CB;Ligue2;4;3;4;4;1;3;2;2;3;4;2;2;1;2;3;2;3;3;3;4;4;1;2;2;4;4;4;1;1;1;1;2
Romain Sartre;right;CB;Ligue2;3;4;2;2;2;2;2;2;3;3;2;1;1;1;2;2;3;3;2;3;3;1;3;1;4;3;3;1;1;1;1;1
Gregory Pujol;right;ST;Ligue2;4;3;3;4;4;4;4;3;4;3;4;2;1;3;3;3;4;2;4;2;2;4;4;4;1;1;1;1;1;1;2;3
Sebastien Renouard;right;RW;Ligue2;3;3;2;4;3;3;4;3;3;3;4;3;2;3;3;3;3;2;3;3;2;3;3;2;1;2;2;1;1;2;2;2
Jeremie Bela;right;RW;Ligue2;1;2;3;4;3;3;2;4;3;2;4;4;4;4;3;4;3;1;2;2;2;3;2;2;1;1;1;1;1;2;1;3
Romain Grange;right;CAM;Ligue2;2;2;2;4;3;3;3;3;4;4;3;4;3;4;3;3;3;2;3;1;3;3;4;3;1;1;1;1;1;1;2;3
Bingourou Kamara;right;GK;Ligue2;1;4;1;2;1;1;1;1;1;1;1;1;1;1;3;1;1;4;1;1;1;1;1;1;1;1;1;3;2;4;3;4
Bryan Bergougnoux;right;CAM;Ligue2;3;2;3;4;3;3;4;4;4;3;4;3;2;4;3;3;4;3;4;2;2;4;4;4;1;2;2;1;1;1;2;1
Lenda Vumbi Bundu;left;LB;Ligue2;1;2;1;4;1;3;1;3;1;3;2;3;3;4;2;3;1;2;1;2;3;2;2;1;3;3;3;1;1;3;1;2
Mamadou Thiam;right;RW;Ligue2;1;3;1;3;3;2;2;3;2;2;3;3;3;3;1;3;2;2;3;2;2;2;2;3;3;3;3;1;1;2;1;2
Antony Robic;right;RW;Ligue2;3;3;2;3;3;4;2;3;3;3;3;3;2;3;2;2;3;2;3;2;3;4;4;3;1;2;1;1;1;1;1;3
Augusto;left;LB;Ligue2;2;3;2;3;1;2;1;3;1;2;2;3;3;3;2;2;1;3;1;4;3;2;2;2;3;4;4;1;1;2;1;1
Kevin Rocheteau;right;ST;Ligue2;1;3;1;3;4;3;2;4;3;3;3;3;3;2;2;3;2;2;3;2;2;3;4;3;2;2;1;1;1;3;1;1
Tristan Lahaye;right;RB;Ligue2;3;3;2;4;1;3;1;2;2;3;2;2;2;2;1;3;2;2;2;3;3;3;3;1;3;4;3;1;1;3;1;3
Lamine Ndao;right;RM;Ligue2;1;3;2;3;3;3;3;3;2;3;3;4;4;3;2;4;3;2;3;2;2;3;3;3;2;3;2;1;1;3;1;2
Jonathan Nanizayamo;right;ST;Ligue2;1;4;1;2;3;2;3;2;2;1;2;2;2;1;2;1;4;4;2;2;1;3;2;3;1;1;1;1;1;2;1;1
Clement Maury;right;GK;Ligue2;3;3;2;2;1;1;1;1;1;1;1;2;1;1;2;1;1;2;1;1;1;1;1;1;1;1;1;3;2;4;3;4
Yunis Abdelhamid;left;CB;Ligue2;2;4;2;2;1;2;1;1;1;3;2;2;1;1;1;1;2;4;1;3;4;1;1;2;4;4;3;1;1;3;2;1
Khalid Boutaib;right;ST;Ligue2;2;4;2;2;3;2;3;3;1;3;4;2;2;2;2;2;3;3;3;2;1;3;2;3;1;1;1;1;1;2;1;1
Nicolas Staerck-Weille;right;MC;Ligue2;1;3;1;3;2;4;1;3;2;3;3;2;2;2;2;3;3;2;1;3;3;2;2;3;3;3;3;1;1;2;1;3
Christophe Diedhiou;right;CB;Ligue2;2;4;2;2;1;2;1;1;1;1;1;3;3;1;1;2;1;4;1;3;3;1;1;1;3;4;3;1;1;1;1;3
Guy N'Gosso;right;MC;Ligue2;3;4;2;2;1;2;2;2;3;3;2;1;1;1;3;2;4;4;2;3;3;2;2;2;4;4;3;1;1;1;1;3
Claude Goncalves;right;MC;Ligue2;1;2;3;3;1;3;2;3;2;4;4;3;3;3;2;4;3;2;2;3;4;1;3;2;4;4;3;1;1;3;1;1
Samuel Gigot;right;CB;Ligue2;1;4;1;2;1;2;1;2;1;2;2;2;2;2;2;3;2;3;1;2;3;2;1;1;3;3;3;1;1;3;1;2
Rydell Poepon;right;ST;Ligue2;2;3;3;3;4;3;3;4;2;3;4;3;3;3;3;3;4;3;4;3;2;4;3;4;1;2;1;1;1;2;1;3
Maurice Dale;left;ST;Ligue2;3;4;2;3;4;2;3;3;2;2;3;3;3;3;3;2;4;3;3;2;1;3;2;3;1;1;1;1;1;2;2;1
Aurelien Montaroup;left;LB;Ligue2;3;3;2;4;3;3;2;3;3;3;3;3;2;3;3;4;4;3;3;3;3;3;2;2;3;3;3;1;1;1;2;3
Laurent Bonnart;right;LB;Ligue2;4;1;2;4;2;3;1;1;3;3;3;2;2;2;3;4;2;2;3;3;3;2;3;1;4;4;3;1;1;3;1;2
Charles Diers;right;RM;Ligue2;4;4;2;4;3;3;2;4;2;3;3;2;2;3;3;2;3;3;3;2;1;3;4;3;2;2;1;1;1;2;1;1
Maxime Blanc;right;CAM;Ligue2;1;1;2;3;3;4;3;3;4;4;3;4;3;4;2;4;2;1;2;1;2;4;4;2;2;2;2;1;1;3;2;1
Fabrice Abriel;right;MC;Ligue2;4;2;2;4;3;3;3;3;3;3;3;2;2;2;3;3;3;2;3;3;3;3;4;3;3;3;3;1;1;2;1;2
Yoann Andreu;right;RB;Ligue2;2;2;2;3;1;3;1;2;2;3;3;2;2;3;3;4;1;2;1;3;2;2;2;1;4;4;3;1;1;1;1;2
Rafik Boujedra;right;CAM;Ligue2;1;3;1;3;3;2;2;4;3;3;3;3;3;3;2;4;3;1;2;2;2;2;3;2;2;2;2;1;1;1;2;2
Maxime Hautbois;right;GK;Ligue2;2;3;2;2;1;1;1;1;1;1;1;1;1;1;2;1;1;2;1;1;1;1;1;1;1;1;1;3;2;4;3;4
Anthar Yahia;left;CB;Ligue2;4;4;2;3;1;2;2;2;2;2;2;1;1;1;3;1;3;3;2;3;3;1;1;2;4;3;3;1;1;1;1;2
Cedric Avinel;right;CB;Ligue2;2;3;2;2;2;2;2;1;1;3;2;3;3;2;2;2;3;4;2;4;3;2;2;2;4;3;3;1;1;3;1;3
Robert Maah;right;ST;Ligue2;3;3;3;3;4;2;3;3;3;2;4;4;4;3;3;4;4;3;3;2;2;3;3;4;2;2;2;1;1;1;1;3
Herita Ilunga;left;CB;Ligue2;4;3;3;4;1;3;1;3;3;3;3;3;3;3;3;3;4;3;3;3;3;3;3;2;4;4;3;1;1;2;1;3
Pablo Martinez;left;LB;Ligue2;2;3;1;3;1;2;2;2;1;1;2;3;3;2;2;3;2;2;1;3;3;1;1;1;3;3;3;1;1;3;2;3
Anthony Goncalves;right;MC;Ligue2;3;3;2;3;1;3;1;3;3;4;4;2;2;3;3;3;3;3;3;4;3;3;3;4;3;4;3;1;1;3;1;1
Clement Depres;right;ST;Ligue2;1;4;1;2;3;2;2;3;2;2;2;2;2;3;2;2;3;2;2;1;1;2;2;3;1;1;1;1;1;2;2;2
Matthieu Sans;right;CB;Ligue2;2;4;2;3;1;3;1;2;2;3;2;2;1;1;2;1;2;3;2;3;3;1;1;1;4;4;3;1;1;3;2;3
Baptiste Martin;right;CB;Ligue2;3;4;3;4;1;3;2;3;1;3;3;2;2;2;3;2;3;4;1;3;4;1;2;1;4;4;3;1;1;1;1;2
Oumar Sissoko;right;GK;Ligue2;2;4;2;2;1;1;1;1;1;1;1;2;1;1;2;1;1;3;1;1;1;1;1;1;1;1;1;3;2;4;3;4
Steven Paulle;right;CB;Ligue2;3;4;2;2;1;2;1;1;1;3;2;2;1;1;3;1;1;4;1;3;3;2;2;1;3;3;2;1;1;1;1;3
Toifilou Maoulida;right;ST;Ligue2;4;3;3;4;4;3;4;4;4;3;4;3;2;3;3;2;4;3;3;3;2;4;3;3;1;1;1;1;1;1;2;1
Florent Zitte;right;ST;Ligue2;1;3;1;2;4;2;2;3;2;2;2;3;3;3;2;2;3;2;2;1;1;2;2;3;1;1;1;1;1;2;1;2
Vincent Manceau;right;RB;Ligue2;2;2;2;4;1;3;1;2;2;3;3;2;1;2;2;4;2;3;2;3;3;2;3;2;3;4;3;1;1;2;1;3
Julien Delonglee;right;CB;Ligue2;3;3;2;3;2;3;2;2;1;3;2;2;2;2;3;3;2;3;1;3;3;1;2;3;3;3;3;1;1;1;1;1
Jean-Michel Lesage;left;ST;Ligue2;4;3;3;4;4;3;4;3;4;4;3;2;2;3;3;3;4;3;4;3;2;3;4;4;1;2;1;1;1;3;2;3
Julien Cetout;right;MC;Ligue2;2;3;3;3;1;3;1;3;2;4;3;2;1;3;3;3;1;4;1;4;3;1;4;2;3;3;3;1;1;3;2;2
Mouaad Madri;right;ST;Ligue2;2;2;1;4;4;2;3;4;2;3;3;3;3;3;2;3;3;2;2;1;1;3;2;3;1;1;1;1;1;1;1;1
Yann Mabella;right;ST;Ligue2;1;3;1;2;3;1;2;2;2;1;2;3;2;2;1;2;3;2;3;1;1;2;2;3;1;1;1;1;1;1;2;2
Nicolas Pepe;left;ST;Ligue2;1;2;1;2;4;1;2;3;3;2;2;3;2;2;1;3;2;2;3;1;1;2;3;2;1;1;1;1;1;2;1;1
Tony Mauricio;right;RW;Ligue2;1;1;1;3;4;2;3;3;2;2;3;3;3;2;1;4;3;1;2;1;1;2;2;2;1;1;1;1;1;3;2;2
Dylan Louiserre;right;MC;Ligue2;1;2;1;3;2;3;2;3;2;4;3;2;1;2;2;4;3;2;2;3;3;2;3;2;2;3;2;1;1;3;1;1
Guy-Roland Ndy Assembe;right;GK;Ligue2;3;3;3;2;1;1;1;1;1;1;1;1;1;1;2;1;1;3;1;1;1;1;1;1;1;1;1;4;3;4;3;4
Quentin Bernard;left;LB;Ligue2;2;3;2;4;3;3;1;3;2;4;3;2;2;2;1;2;4;3;2;2;3;2;3;2;3;4;3;1;1;2;2;2
Eric Marester;right;RB;Ligue2;3;2;2;4;3;4;3;3;3;2;3;3;3;3;2;4;3;3;3;2;3;1;3;3;3;3;3;1;1;2;2;2
Cedric Varrault;right;CB;Ligue2;4;3;2;4;2;3;1;2;4;3;2;1;1;2;2;3;3;3;3;4;3;1;2;2;3;3;3;1;1;1;1;1
Jackson Mendes;right;ST;Ligue2;2;2;1;2;4;2;3;4;3;2;2;4;4;3;1;3;3;2;3;2;1;2;3;3;1;1;1;1;1;1;2;2
Damien Plessis;left;MC;Ligue2;2;4;2;3;2;3;2;3;3;3;3;3;1;2;2;1;3;3;2;3;3;3;3;2;3;4;3;1;1;3;1;3
Mathieu Ligoule;left;MC;Ligue2;3;2;2;3;3;3;2;3;2;4;3;2;1;2;2;2;2;2;3;3;3;2;3;3;3;3;2;1;1;1;1;3
Julien Viale;right;ST;Ligue2;4;3;2;4;4;3;3;3;2;2;3;2;2;3;2;2;4;3;3;2;1;3;2;4;1;1;1;1;1;3;2;3
Axel Maraval;right;GK;Ligue2;1;3;2;2;1;1;1;1;1;1;1;1;1;1;2;2;1;2;1;1;1;1;1;1;1;1;1;3;3;4;3;4
Edouard Butin;right;ST;Ligue2;2;3;2;4;4;2;3;3;3;2;3;3;2;3;4;3;3;3;3;2;2;4;4;3;1;1;1;1;1;3;1;1
John Tshibumbu;right;ST;Ligue2;2;2;1;3;3;2;2;3;2;3;2;4;3;4;2;4;3;2;2;2;1;2;3;3;1;1;1;1;1;3;1;1
Johan Gastien;right;MC;Ligue2;2;3;3;4;4;3;2;4;2;4;3;2;3;3;2;4;3;3;3;4;3;3;4;2;3;4;3;1;1;1;2;1
Fethi Harek;left;LB;Ligue2;3;2;2;4;1;3;2;3;3;4;3;3;2;2;1;3;2;2;2;4;3;3;3;2;4;4;3;1;1;3;2;3
Remy Bonne;left;LB;Ligue2;2;4;1;3;1;2;1;2;1;1;2;3;3;2;2;2;1;3;1;2;3;2;1;1;3;4;3;1;1;3;1;3
Lys Mousset;right;ST;Ligue2;1;4;1;2;3;2;2;3;1;1;3;4;4;3;2;3;3;2;2;1;1;3;2;3;1;1;1;1;1;3;1;3
Matar Fall;right;CB;Ligue2;4;3;2;4;1;2;1;2;1;2;3;3;2;3;1;2;2;3;1;4;2;2;2;2;3;3;3;1;1;2;2;2
Gregory Thil;right;ST;Ligue2;4;3;2;4;3;3;3;3;3;3;3;2;1;3;2;2;4;2;3;2;2;3;3;4;1;1;1;1;1;2;2;1
Jonathan Lacourt;left;MC;Ligue2;2;3;2;3;2;4;2;3;2;4;3;2;2;3;3;3;2;2;2;3;3;2;3;1;3;3;3;1;1;3;1;1
Gael Angoula;right;RB;Ligue2;3;2;2;4;1;3;1;2;1;3;3;2;1;2;3;3;3;4;3;4;3;2;3;2;4;3;3;1;1;3;2;3
Henri Junior Ndong;right;RB;Ligue2;1;4;1;3;1;2;1;2;1;1;2;4;3;3;2;2;1;3;1;3;3;2;1;1;3;3;3;1;1;3;1;3
Mohamed Larbi;right;LM;Ligue2;2;3;1;3;3;4;1;3;2;4;2;3;2;3;2;2;3;2;2;3;3;3;3;2;2;3;3;1;1;3;1;3
Sebastien Flochon;right;MC;Ligue2;1;3;1;3;2;3;1;3;3;3;3;2;1;2;3;2;4;2;3;2;3;1;3;2;2;2;3;1;1;1;1;1
Adama Coulibaly;right;CB;Ligue2;4;4;2;2;2;2;1;2;2;3;2;2;1;2;3;2;3;3;2;3;3;1;2;1;3;3;3;1;1;1;2;3
Gregory Berthier;left;LM;Ligue2;1;2;1;3;3;3;2;3;3;3;3;3;2;2;2;4;3;2;2;1;1;3;3;3;1;1;1;1;1;2;2;1
Gauthier Pinaud;right;RM;Ligue2;2;2;1;4;2;3;1;2;2;2;3;2;2;2;2;2;1;1;2;1;2;2;3;2;1;1;1;1;1;1;1;2
Sacha Clemence;left;ST;Ligue2;2;4;2;4;4;3;3;3;2;3;3;2;3;2;1;2;3;2;3;2;1;3;2;3;1;1;1;1;1;3;2;1
Thomas Bosmel;right;GK;Ligue2;2;3;2;2;1;1;1;1;1;1;1;1;1;1;2;2;1;1;1;1;1;1;1;1;1;1;1;3;2;4;3;4
Diego Gomez;right;CAM;Ligue2;3;1;2;3;2;3;2;3;3;3;3;3;2;4;3;4;3;1;2;1;1;2;4;4;1;1;1;1;1;3;2;2
Selim Ben Djemia;left;CB;Ligue2;2;4;2;3;2;2;1;2;2;2;2;4;3;2;3;2;3;3;2;3;3;1;3;2;3;3;3;1;1;3;1;2
Matthieu Saunier;right;CB;Ligue2;2;3;2;2;1;2;1;2;1;3;3;1;1;2;2;2;1;3;1;3;4;1;2;3;4;4;3;1;1;2;2;3
Jeremie Brechet;left;CB;Ligue2;4;4;3;3;2;3;2;2;3;3;3;1;1;1;3;1;3;3;3;3;3;2;3;3;4;4;3;1;1;1;2;3
Landry Bonnefoi;right;GK;Ligue2;3;3;1;2;1;1;1;1;1;1;1;1;1;1;2;1;1;2;1;1;1;1;1;1;1;1;1;3;2;4;3;4
Abdelhakim Omrani;right;RM;Ligue2;2;4;2;4;3;3;1;3;1;3;3;3;3;3;2;2;4;4;2;3;2;3;3;2;2;2;1;1;1;1;2;2
Tafsir Cherif;right;LW;Ligue2;1;2;1;3;3;2;2;3;2;2;3;4;3;4;2;4;3;1;3;1;1;2;2;4;1;1;1;1;1;1;1;1
Vincent Di Bartolomeo;right;CB;Ligue2;4;3;2;2;1;1;1;1;1;1;1;2;2;2;3;3;2;3;1;3;4;1;1;1;3;3;3;1;1;1;2;1
Cedric Kante;left;CB;Ligue2;4;3;3;3;2;3;1;2;2;4;3;2;1;2;3;2;2;4;2;4;4;1;2;2;4;4;4;1;1;2;1;1
Franck Grandel;left;GK;Ligue2;4;3;1;2;1;1;1;1;1;1;1;1;1;1;2;1;2;3;1;1;1;1;1;1;1;1;1;3;2;4;3;4
Cyriaque Rivieyran;right;RB;Ligue2;2;2;2;4;1;3;2;3;3;3;3;4;3;2;3;4;3;2;2;3;4;2;2;2;3;3;3;1;1;3;1;2
Loic Guillon;left;CB;Ligue2;4;4;2;2;1;2;1;1;1;3;2;1;1;1;3;1;3;3;2;3;4;1;2;1;4;4;3;1;1;2;1;2
Bogdan Milosevic;right;CB;Ligue2;2;4;2;2;1;2;1;1;1;3;1;2;1;2;1;2;2;3;2;3;3;1;2;1;4;4;3;1;1;1;2;1
Benjamin Psaume;right;ST;Ligue2;3;2;2;4;3;2;3;3;3;3;3;3;2;4;3;4;2;2;3;2;2;3;3;4;1;1;1;1;1;2;2;2
Hamza Sakhi;right;LM;Ligue2;1;2;1;4;2;2;2;3;2;2;3;3;3;3;1;2;2;1;3;1;1;3;3;2;1;1;1;1;1;2;2;2
Simon Falette;left;CB;Ligue2;1;3;2;3;1;2;1;2;1;2;2;3;1;2;2;1;2;4;1;3;3;1;1;2;3;4;3;1;1;3;1;1
Bilal Hamdi;right;RW;Ligue2;2;2;2;4;3;3;3;4;2;3;3;3;3;3;2;3;3;3;2;1;1;3;3;2;1;1;1;1;1;1;1;1
Adrien Monfray;right;CB;Ligue2;2;4;2;2;2;2;1;2;1;2;2;4;3;2;2;2;2;3;1;3;3;1;1;1;3;4;3;1;1;3;1;1
Loic Loval-Landre;right;RM;Ligue2;4;2;2;4;4;3;2;4;3;3;2;4;3;4;3;3;3;3;2;3;3;3;3;4;1;1;1;1;1;1;1;1
Yoann Tribeau;right;RM;Ligue2;2;3;1;3;2;2;1;3;2;2;3;2;2;2;3;1;2;1;2;2;2;2;3;3;1;1;1;1;1;2;1;3
Karim Azamoum;right;CAM;Ligue2;2;3;2;4;3;4;2;3;4;4;3;3;2;4;3;4;3;3;3;2;3;3;3;3;2;3;2;1;1;3;1;1
Arnaud Balijon;right;GK;Ligue2;3;3;2;2;1;1;1;1;1;1;1;1;1;1;3;1;1;2;1;1;1;1;1;1;1;1;1;3;2;4;4;4
Karim Coulibaly;left;LM;Ligue2;1;3;1;4;2;3;2;3;3;3;2;3;2;3;2;2;4;3;2;2;2;3;3;3;2;3;2;1;1;2;1;1
Cheick Doumbia;right;MC;Ligue2;1;1;1;3;1;3;2;4;1;3;3;3;2;3;1;4;2;2;2;2;3;2;3;1;3;3;3;1;1;1;2;3
Lucas Libbra;right;RW;Ligue2;1;3;1;3;3;2;2;3;2;1;2;3;2;3;2;4;2;1;3;1;1;2;3;4;1;1;1;1;1;1;1;3
Mehddy Latreche;right;CAM;Ligue2;1;2;1;3;2;2;2;3;2;3;3;3;2;3;1;3;3;2;1;2;1;3;2;2;2;1;2;1;1;1;2;3
Jean-Landry Bassilekin;right;ST;Ligue2;1;4;2;2;4;2;2;3;2;2;2;2;2;3;2;2;3;2;3;1;1;3;2;4;1;1;1;1;1;2;1;3
Bruce Abdoulaye;left;CB;Ligue2;4;3;2;3;1;2;1;1;2;2;2;3;2;2;3;2;2;4;1;4;4;1;2;1;3;3;3;1;1;1;1;3
Gregory Bettiol;right;ST;Ligue2;3;3;2;3;4;2;3;3;2;2;3;3;3;3;3;2;4;2;3;1;1;2;3;3;1;1;1;1;1;3;2;1
Junior Sambia;right;MC;Ligue2;1;3;1;3;2;3;1;3;3;3;3;3;3;2;1;3;3;2;2;2;3;1;3;2;3;3;3;1;1;3;1;3
Quentin Beunardeau;right;GK;Ligue2;1;4;1;2;1;1;1;1;1;2;1;2;1;1;3;2;1;2;1;1;1;1;1;1;1;1;1;3;2;4;3;4
Remy Dugimont;right;ST;Ligue2;3;3;2;2;4;2;2;3;1;1;3;2;2;3;2;2;3;3;3;2;1;3;2;3;1;1;1;1;1;2;2;2
Florent Perraud;right;GK;Ligue2;4;3;2;2;1;1;1;1;1;1;1;1;1;1;3;1;2;1;1;1;1;1;1;1;1;1;1;3;2;4;4;4
Alexis Busin;right;RM;Ligue2;1;2;1;3;3;2;2;4;2;2;3;4;4;3;1;4;3;1;3;1;1;2;2;3;1;2;1;1;1;2;1;1
Benjaloud Youssouf;right;RB;Ligue2;1;2;1;4;1;2;1;3;1;1;2;4;3;2;2;3;1;2;1;3;3;2;1;1;2;3;3;1;1;1;2;2
Ousmane Sidibe;right;RB;Ligue2;3;3;2;4;1;2;1;3;1;3;3;3;2;2;2;3;1;3;1;3;4;2;2;1;3;3;4;1;1;2;1;2
Geoffrey Lembet;left;GK;Ligue2;2;3;1;2;1;1;1;1;1;1;1;1;1;2;1;2;2;1;1;1;1;1;1;1;1;1;1;3;2;4;3;4
Abel Khaled;right;RW;Ligue2;1;3;2;4;3;2;3;4;3;3;3;3;3;3;1;2;4;1;2;1;1;2;3;3;1;1;1;1;1;3;2;3
Jonathan Damian Iglesias;right;CAM;Ligue2;2;1;2;4;3;3;3;4;3;4;3;3;2;3;2;4;3;2;2;2;2;3;4;2;2;2;2;1;1;2;1;1
Anthony Briancon;right;MC;Ligue2;1;4;1;2;1;3;2;3;2;3;3;3;2;2;2;3;3;3;2;3;3;3;3;2;3;3;3;1;1;3;2;2
Warren Caddy;right;ST;Ligue2;1;2;1;2;3;1;2;3;2;1;2;4;3;3;1;4;3;1;3;1;1;2;3;3;1;1;1;1;1;3;1;2
Jamel Ait Ben Idir;right;MC;Ligue2;3;2;2;3;2;3;1;3;3;4;3;2;1;2;3;4;2;3;3;4;3;2;4;3;3;4;3;1;1;3;2;3
Modibo Haidara;right;ST;Ligue2;2;4;1;2;4;2;2;3;2;1;2;3;2;2;1;2;3;3;3;1;1;2;2;4;1;1;1;1;1;1;1;3
Pierre Gibaud;right;RB;Ligue2;2;3;2;3;2;2;2;2;3;3;3;3;3;2;3;3;3;4;3;3;4;2;2;2;4;4;4;1;1;1;1;1
Jonathan Gradit;right;RB;Ligue2;1;3;2;4;1;3;1;3;1;3;3;3;2;2;2;3;2;3;1;3;3;1;2;1;4;4;3;1;1;2;2;2
Abdel Malik Hsissane;right;MC;Ligue2;2;4;2;3;1;3;1;3;2;3;3;2;2;2;2;2;2;3;2;3;3;2;3;2;3;4;3;1;1;2;2;2
Fabrice Seidou;right;ST;Ligue2;2;1;1;3;4;1;2;2;2;1;3;3;2;3;2;4;3;2;2;2;2;3;2;2;1;2;1;1;1;1;1;3
Nenad Kovacevic;right;MC;Ligue2;4;2;2;4;2;3;3;3;2;3;3;1;1;2;2;3;4;3;3;4;3;3;2;3;4;4;3;1;1;2;2;3
Ibrahima Ba;right;MC;Ligue2;3;3;1;3;3;3;2;3;2;3;2;3;2;2;2;2;3;3;3;3;3;2;3;3;3;4;3;1;1;3;1;2
Moussa Niakhate;left;LB;Ligue2;1;2;1;4;2;2;2;3;1;3;3;3;2;2;2;2;1;3;2;3;3;1;2;2;3;3;2;1;1;1;1;1
Pierre Lemonnier;right;CB;Ligue2;1;3;1;2;1;1;1;1;1;1;1;2;2;1;1;2;2;3;1;2;3;1;1;2;3;3;3;1;1;3;1;1
Fousseni Diawara;right;CB;Ligue2;4;3;2;4;2;3;1;2;2;4;3;3;2;3;2;2;3;3;2;4;2;1;3;1;4;4;3;1;1;1;2;3
Alexandre Vincent;right;ST;Ligue2;1;2;1;2;3;1;2;2;2;1;2;3;3;3;2;4;2;1;3;1;1;2;2;4;1;1;1;1;1;2;1;1
Jean-Paul Mendy;left;LM;Ligue2;3;2;1;4;4;2;3;3;3;2;3;3;3;2;1;3;3;2;3;1;1;3;2;3;1;1;1;1;1;2;1;3
Enzo Basilio;right;GK;Ligue2;1;4;1;2;1;1;1;1;1;1;1;1;1;1;2;3;1;2;1;1;1;1;1;1;1;1;1;3;2;4;3;4
Jonathan Millieras;right;GK;Ligue2;1;4;1;2;1;1;1;1;1;1;1;1;1;1;2;1;1;3;1;1;1;1;1;1;1;1;1;3;2;4;3;4
Sofiane Daham;right;MC;Ligue2;1;3;1;3;2;3;2;3;2;3;2;3;3;3;2;3;3;1;2;3;2;3;2;2;2;3;2;1;1;1;2;1
Jonathan Parpeix;right;MC;Ligue2;2;3;2;3;2;3;2;3;3;3;3;3;2;2;2;2;3;3;2;3;3;3;3;3;4;3;3;1;1;1;1;1
Benoit Darcy;right;CB;Ligue2;3;4;1;2;1;2;1;1;1;2;2;2;2;1;1;2;2;3;1;2;3;1;1;2;3;4;3;1;1;1;1;2
Ferland Mendy;left;LB;Ligue2;1;3;1;3;1;1;1;3;1;1;1;3;3;3;2;3;1;3;1;2;3;2;2;2;3;3;3;1;1;1;1;1
Chris Vianney Bedia;right;ST;Ligue2;1;4;1;2;3;2;2;2;1;1;2;3;3;3;1;2;2;4;2;2;1;2;2;3;1;1;1;1;1;1;1;2
Remi Elissalde;right;MC;Ligue2;2;3;1;3;2;2;2;2;1;3;3;2;2;2;1;2;2;2;2;3;2;1;3;2;3;3;3;1;1;3;1;1
Jerome Mombris;right;LB;Ligue2;2;3;2;4;1;2;1;3;3;1;2;4;3;2;3;3;2;2;1;3;3;1;1;1;4;3;3;1;1;2;1;3
Guillaume Cros;left;LB;Ligue2;1;2;1;3;1;1;1;3;1;1;3;3;2;2;2;4;2;2;1;2;3;2;1;1;2;3;2;1;1;2;2;1
Guillaume Fanucchi;right;RM;Ligue2;1;2;1;3;2;2;2;3;2;2;2;3;2;2;1;4;2;1;1;1;1;2;2;3;1;1;1;1;1;2;1;3
Cyril Dreyer;right;MC;Ligue2;1;2;1;3;2;3;2;2;2;3;2;3;2;2;2;3;2;1;2;3;2;2;2;2;2;3;2;1;1;1;2;1
Malik Couturier;left;CB;Ligue2;4;4;2;3;1;2;1;1;1;2;2;1;1;1;2;1;1;3;1;2;3;1;2;1;4;3;3;1;1;3;1;2
Pierre-Ange Omombe;right;RW;Ligue2;1;2;1;3;3;2;2;3;2;2;2;3;3;3;1;4;3;1;2;1;1;3;2;2;1;2;1;1;1;2;1;1
Jordan Marie;left;MC;Ligue2;1;2;1;3;1;3;1;3;2;3;3;3;3;3;3;3;1;2;3;2;3;2;2;1;3;3;3;1;1;1;1;2
Loris Nery;right;LB;Ligue2;2;2;2;4;2;3;2;3;3;3;3;3;3;3;3;3;3;3;3;3;4;1;4;3;3;3;3;1;1;1;1;1
Thibault Cillard;left;CB;Ligue2;1;4;1;2;1;2;1;1;1;3;1;3;3;2;3;3;2;2;1;2;3;1;2;1;3;3;3;1;1;3;1;3
Kevin Renaut;right;CB;Ligue2;2;4;1;3;1;2;1;1;1;3;1;2;2;2;2;2;1;3;1;3;3;1;1;1;3;3;3;1;1;2;1;1
Hugo Aine;right;MC;Ligue2;1;3;1;3;3;2;2;2;3;3;2;3;3;2;2;3;3;2;2;3;3;3;3;2;3;3;2;1;1;3;2;3
Romain Bauchet;right;ST;Ligue2;1;2;1;3;3;2;3;2;2;1;2;4;3;2;3;4;3;1;2;1;1;2;2;3;1;1;1;1;1;3;1;1
Erwan Quintin;left;LB;Ligue2;3;3;2;4;2;3;2;3;3;2;3;3;2;2;3;2;2;2;3;2;3;3;4;2;3;3;3;1;1;2;2;2
Jeremy Grain;right;LM;Ligue2;1;1;1;4;3;3;3;3;3;3;3;3;3;3;1;3;2;2;3;2;1;3;2;3;1;1;1;1;1;3;2;2
Kevin Diaz;left;RM;Ligue2;2;2;2;4;3;3;2;3;4;3;3;4;3;4;2;4;4;1;3;1;2;4;2;3;1;1;1;1;1;1;1;2
Bachibou Koita;right;ST;Ligue2;1;3;1;2;3;2;2;2;1;1;2;3;2;3;2;3;2;2;2;1;1;3;2;3;1;1;1;1;1;2;2;3
Joris Sainati;right;CB;Ligue2;2;3;2;3;1;3;1;1;2;3;3;3;2;2;3;2;1;3;1;4;3;2;2;1;4;4;3;1;1;2;1;1
Joffrey Cuffaut;right;RB;Ligue2;2;3;3;4;1;3;1;3;2;3;3;3;3;3;3;3;1;3;1;3;3;2;3;3;3;4;3;1;1;2;2;1
Johann Ramare;right;MC;Ligue2;3;3;3;4;2;4;2;3;3;4;3;1;1;3;3;3;3;3;2;3;4;2;4;2;4;4;3;1;1;2;1;3
Matheus Vivian;right;CB;Ligue2;4;4;3;2;2;3;1;2;1;3;3;1;1;1;2;2;2;4;1;2;4;2;2;2;4;4;3;1;1;1;1;1
Issa Baradji;right;ST;Ligue2;1;4;2;2;4;2;3;3;1;1;3;3;3;3;2;1;4;4;3;4;1;3;2;3;1;1;1;1;1;1;1;3
Baptiste Gainnet;right;CB;Ligue2;1;4;1;2;1;1;1;1;1;1;1;3;3;1;1;2;2;3;1;3;3;1;1;2;3;3;3;1;1;1;1;1
Lamine Fall;left;LB;Ligue2;1;4;1;4;3;3;2;3;1;3;3;3;2;2;2;2;2;3;2;2;3;1;2;2;3;3;3;1;1;2;1;3
Samuel Bouhours;left;LB;Ligue2;2;3;2;4;1;3;1;2;3;3;3;3;1;2;2;2;2;3;1;4;3;2;3;2;4;4;3;1;1;2;2;3
Gregory Tomas;left;LB;Ligue2;3;1;2;4;3;2;1;3;1;3;2;3;2;3;2;4;3;2;3;3;3;2;2;2;3;4;3;1;1;2;2;3
Manuel Perez;right;MC;Ligue2;2;3;2;3;2;3;2;3;3;4;3;4;3;3;3;3;3;2;2;2;3;3;4;2;2;3;2;1;1;1;1;3
Yanis Hamzaoui;right;RB;Ligue2;1;2;1;3;1;3;1;2;1;3;2;3;2;2;2;3;1;2;1;2;3;2;2;1;3;3;3;1;1;2;1;1
Jerome Scolan;right;GK;Ligue2;2;3;1;2;1;1;1;1;1;1;1;1;1;1;2;3;1;1;1;1;1;1;1;1;1;1;1;3;2;4;3;4
Jacques Salze;right;CB;Ligue2;2;4;2;2;1;2;1;1;2;3;2;1;1;1;3;2;2;4;1;3;3;1;2;2;4;3;3;1;1;2;2;1
Julien Remiti;right;MC;Ligue2;1;2;1;3;2;3;2;3;2;3;3;2;1;2;2;4;2;1;1;3;3;2;2;2;3;3;3;1;1;2;2;2
Tobias Badila;left;LB;Ligue2;1;3;1;4;2;2;1;2;1;2;2;4;3;2;2;2;1;2;2;2;3;2;1;2;3;3;3;1;1;1;1;2
Mayingila N'Zuzi Mata;right;ST;Ligue2;1;3;1;3;3;2;3;3;2;1;3;4;3;3;2;4;3;2;2;1;1;3;3;3;1;1;1;1;1;2;1;1
Thomas Renault;right;GK;Ligue2;3;3;2;2;1;1;1;1;1;1;1;1;1;1;3;2;1;2;1;1;1;1;1;1;1;1;1;3;2;4;4;4
Anthony Derouard;left;CAM;Ligue2;1;3;1;4;4;3;3;3;3;3;2;3;3;3;2;3;3;2;3;3;3;3;3;3;3;3;2;1;1;1;1;2
Pierre-Francois Sinapi;left;MC;Ligue2;2;3;1;3;1;3;2;3;1;3;2;2;2;2;2;3;3;2;1;2;2;2;2;1;2;3;2;1;1;1;2;2
Anthony Dupre;right;GK;Ligue2;1;4;1;2;1;1;1;1;1;1;1;1;1;1;2;1;1;3;1;1;1;1;1;1;1;1;1;3;2;4;3;4
Florian Miguel;left;LB;Ligue2;1;3;1;3;1;2;2;2;3;1;2;3;2;2;2;3;2;2;1;3;3;2;1;2;3;3;3;1;1;1;2;1
Pierre-Alex Bois;right;GK;Ligue2;1;4;1;2;1;1;1;1;1;2;1;1;1;1;2;1;1;2;1;1;1;1;1;1;1;1;1;3;2;4;3;4
Jean-Pascal Fontaine;right;MC;Ligue2;2;2;1;4;2;3;2;3;3;2;3;3;2;2;1;4;2;2;2;2;3;2;3;2;3;3;3;1;1;2;1;1
Eliott Sorin;right;MC;Ligue2;1;3;1;3;1;3;2;3;1;3;3;3;2;3;2;3;2;2;2;3;3;2;3;2;3;3;3;1;1;1;1;1
Karim Djellabi;left;LB;Ligue2;3;1;2;4;2;3;3;3;1;3;3;3;2;3;3;4;3;2;2;4;2;2;3;3;4;3;4;1;1;2;2;1
Yohan Betsch;right;MC;Ligue2;2;4;2;4;1;3;1;2;1;3;3;2;1;2;3;2;2;4;2;3;3;1;3;2;3;4;3;1;1;3;2;1
Regis Gurtner;right;GK;Ligue2;2;3;1;2;1;1;1;1;1;1;1;1;1;1;2;1;1;2;1;1;1;1;1;1;1;1;1;3;2;4;3;4
Pascal Berenguer;right;MC;Ligue2;4;2;2;4;2;4;4;2;4;4;3;2;1;2;3;3;4;2;4;4;3;2;4;3;4;4;3;1;1;3;1;3
Wilfried Louisy-Daniel;right;ST;Ligue2;3;4;1;2;3;1;2;3;2;1;3;3;2;3;2;2;3;4;3;1;1;3;2;4;1;1;1;1;1;1;2;2
Antoine Ponroy;right;CB;Ligue2;3;4;2;2;2;2;1;2;1;2;2;2;1;1;2;2;2;3;1;3;3;1;1;1;4;4;3;1;1;1;2;2
Jessy Benet;right;MC;Ligue2;1;4;1;3;2;4;2;3;2;4;3;3;2;3;2;4;2;2;2;1;3;2;2;2;3;3;2;1;1;2;2;3
Gauthier Gallon;right;GK;Ligue2;1;4;1;2;1;1;1;1;1;1;1;1;1;1;1;2;1;2;1;1;1;1;1;1;1;1;1;3;2;4;3;4
Lucas Daury;right;RW;Ligue2;1;3;1;3;3;3;1;3;2;3;3;3;2;2;2;3;3;2;2;3;2;3;2;2;2;3;2;1;1;1;2;3
Elie Ehua;right;MC;Ligue2;1;2;1;3;1;3;2;3;2;3;3;3;2;3;2;4;3;2;2;3;3;2;3;2;2;3;3;1;1;2;2;3
Hassane Alla;left;MC;Ligue2;4;3;3;4;3;4;3;3;3;4;4;2;2;3;3;3;4;2;4;3;3;3;4;4;2;3;3;1;1;1;1;1
Ande Dona Ndoh;right;ST;Ligue2;3;4;2;3;4;2;3;3;2;1;3;3;2;3;2;3;3;3;3;2;1;3;2;3;1;1;1;1;1;3;2;3
Julien Francois;left;MC;Ligue2;4;4;2;3;2;4;2;2;1;4;3;1;1;2;3;1;3;3;3;3;3;2;3;2;3;3;3;1;1;2;2;3
Valentin Jacob;left;CAM;Ligue2;1;1;1;3;2;2;2;3;3;3;2;2;2;3;2;4;2;1;2;1;1;2;3;2;2;2;1;1;1;1;1;2
Erwin Koffi;right;ST;Ligue2;1;3;1;3;2;2;2;3;2;2;3;3;3;3;2;3;2;2;2;1;1;3;2;3;1;1;1;1;1;1;1;2
Ludovic Guerriero;right;MC;Ligue2;3;2;2;4;2;2;3;3;3;3;3;2;1;2;1;3;3;4;3;3;3;2;3;4;3;4;2;1;1;1;1;3
Louis Souchaud;right;GK;Ligue2;1;3;1;2;1;1;1;1;1;1;1;1;1;1;2;3;1;1;1;1;1;1;1;1;1;1;1;3;2;4;3;4
Brian Landini;right;RB;Ligue2;1;3;1;3;3;2;2;3;2;2;2;2;2;2;2;2;2;3;2;2;3;2;2;2;3;3;3;1;1;2;1;2
Modibo Dembele;right;MC;Ligue2;1;1;1;3;1;2;1;2;1;3;2;3;3;3;1;4;2;2;1;3;3;2;2;1;3;3;2;1;1;2;1;2
Baba Sylla;right;ST;Ligue2;2;3;1;2;3;2;2;3;2;1;2;3;3;3;2;3;3;3;3;1;1;2;2;3;1;1;1;1;1;3;1;3
Bruno Collaco;left;LB;Ligue2;2;2;2;4;2;3;3;4;4;2;4;3;3;3;2;3;4;2;4;3;3;3;3;3;4;4;3;1;1;2;2;3
Antonin Bobichon;right;RM;Ligue2;1;3;1;4;3;2;2;3;2;2;2;3;2;2;3;3;3;2;2;2;1;2;2;3;1;1;1;1;1;2;2;3
Famara Diedhiou;right;ST;Ligue2;1;4;1;2;4;2;2;2;2;1;2;1;1;2;2;1;3;3;2;1;1;3;2;3;1;1;1;1;1;3;1;2
Martin Mimoun;left;CAM;Ligue2;1;2;2;3;4;3;3;3;3;3;3;3;2;4;2;4;3;1;3;1;1;3;3;2;2;2;2;1;1;3;1;3
Anthony Kasparian;right;GK;Ligue2;1;2;1;2;1;1;1;1;1;1;1;1;1;1;2;3;1;2;1;1;1;1;1;1;1;1;1;3;2;4;3;4
Chafik Tigroudja;left;CAM;Ligue2;1;2;2;4;3;3;2;3;3;4;3;3;2;3;2;3;3;1;2;2;2;2;4;2;2;2;2;1;1;1;1;2
Romain elie;left;CB;Ligue2;3;3;2;4;1;3;1;1;1;3;2;2;2;2;2;3;2;3;1;3;3;2;3;2;3;3;3;1;1;1;1;1